"""Integrated M.C.A.-Integrated Master of Computer Applications""",,"""""dfe""""",,
"""M.C.A. -Master of Computer Applications""","""M.C.A. -Master of Computer Applications""","""M.C.A. ""","""Master of Computer Applications""","""MCA """
"""B.Ed.-Bachelor of Education""","""B.Ed.-Bachelor of Education""","""B.Ed.""","""Bachelor of Education""","""BEd"""
"""B.C.A.-Bachelor of Computer Applications""","""B.C.A.-Bachelor of Computer Applications""","""B.C.A.""","""Bachelor of Computer Applications""","""BCA"""
"""B.A.-Bachelor of Arts""","""B.A.-Bachelor of Arts""","""B.A.""","""Bachelor of Arts""","""BA"""
"""B.Com.-Bachelor of Commerce""","""B.Com.-Bachelor of Commerce""","""B.Com.""","""Bachelor of Commerce""","""BCom"""
"""B.B.A.-Bachelor of Business Administration""","""B.B.A.-Bachelor of Business Administration""","""B.B.A.""","""Bachelor of Business Administration""","""BBA"""
"""M.Com.-Master of Commerce""","""M.Com.-Master of Commerce""","""M.Com.""","""Master of Commerce""","""MCom"""
"""M.Sc.-Master of Science""","""M.Sc.-Master of Science""","""M.Sc.""","""Master of Science""","""MSc"""
"""B.Sc.-Bachelor of Science""","""B.Sc.-Bachelor of Science""","""B.Sc.""","""Bachelor of Science""","""BSc"""
"""M.A.-Master of Arts""","""M.A.-Master of Arts""","""M.A.""","""Master of Arts""","""MA"""
"""PG Diploma-Post Graduate Diploma""","""PG Diploma-Post Graduate Diploma""","""PG Diploma""","""Post Graduate Diploma""","""PG Diploma"""
"""B.J.M.C.-Bachelor of Journalism and Mass Communication""","""B.J.M.C.-Bachelor of Journalism and Mass Communication""","""B.J.M.C.""","""Bachelor of Journalism and Mass Communication""","""BJMC"""
"""M.J.M.C.-Master of Journalism and Mass Communication""","""M.J.M.C.-Master of Journalism and Mass Communication""","""M.J.M.C.""","""Master of Journalism and Mass Communication""","""MJMC"""
"""B.P.A.-Bachelor of Performing Arts""","""B.P.A.-Bachelor of Performing Arts""","""B.P.A.""","""Bachelor of Performing Arts""","""BPA"""
"""M.P.A.-Master of Performing Arts""","""M.P.A.-Master of Performing Arts""","""M.P.A.""","""Master of Performing Arts""","""MPA"""
"""M.Ed. -Master of Education""","""M.Ed. -Master of Education""","""M.Ed. ""","""Master of Education""","""MEd """
"""B.P.Ed.-Bachelor of Physical Education""","""B.P.Ed.-Bachelor of Physical Education""","""B.P.Ed.""","""Bachelor of Physical Education""","""BPEd"""
"""B.S.W.-Bachelor of Social Work""","""B.S.W.-Bachelor of Social Work""","""B.S.W.""","""Bachelor of Social Work""","""BSW"""
"""B.Sc.[Hons]-Bachelor of Science [Honors]""","""B.Sc.[Hons]-Bachelor of Science [Honors]""","""B.Sc.[Hons]""","""Bachelor of Science [Honors]""","""BSc[Hons]"""
"""M.S.W.-Master of Social Work""","""M.S.W.-Master of Social Work""","""M.S.W.""","""Master of Social Work""","""MSW"""
"""Certificate-Certificate""","""Certificate-Certificate""","""Certificate""","""Certificate""","""Certificate"""
"""M.B.A.- Master of Business Administration""","""M.B.A.- Master of Business Administration""","""M.B.A.""",""" Master of Business Administration""","""MBA"""
"""B.P.E.-Bachelor of Physical Education""","""B.P.E.-Bachelor of Physical Education""","""B.P.E.""","""Bachelor of Physical Education""","""BPE"""
"""L.L.B.-Bachelor of Law or Laws""","""L.L.B.-Bachelor of Law or Laws""","""L.L.B.""","""Bachelor of Law or Laws""","""LLB"""
"""Integrated M.B.A.-Integrated Master of Business Administration""","""Integrated M.B.A.-Integrated Master of Business Administration""","""Integrated M.B.A.""","""Integrated Master of Business Administration""","""Integrated MBA"""
"""M.H.A. -Master of Hospital Administration""","""M.H.A. -Master of Hospital Administration""","""M.H.A. ""","""Master of Hospital Administration""","""MHA """
"""M.D.-Doctor of Medicine""","""M.D.-Doctor of Medicine""","""M.D.""","""Doctor of Medicine""","""MD"""
"""M.S.-Master of Surgery""","""M.S.-Master of Surgery""","""M.S.""","""Master of Surgery""","""MS"""
"""B.P.T.-Bachelor of Physiotherapy""","""B.P.T.-Bachelor of Physiotherapy""","""B.P.T.""","""Bachelor of Physiotherapy""","""BPT"""
"""Diploma-Diploma""","""Diploma-Diploma""","""Diploma""","""Diploma""","""Diploma"""
"""B.A.S.L.P.-Bachelor of Audiology and Speech Language Pathology""","""B.A.S.L.P.-Bachelor of Audiology and Speech Language Pathology""","""B.A.S.L.P.""","""Bachelor of Audiology and Speech Language Pathology""","""BASLP"""
"""M.P.T.-Master of Physiotherapy""","""M.P.T.-Master of Physiotherapy""","""M.P.T.""","""Master of Physiotherapy""","""MPT"""
"""M.B.B.S.-Bachelor of Medicine and Bachelor of Surgery""","""M.B.B.S.-Bachelor of Medicine and Bachelor of Surgery""","""M.B.B.S.""","""Bachelor of Medicine and Bachelor of Surgery""","""MBBS"""
"""B.Optom.-Bachelor of Clinical Optometry""","""B.Optom.-Bachelor of Clinical Optometry""","""B.Optom.""","""Bachelor of Clinical Optometry""","""BOptom"""
"""M.E.-Master of Engineering""","""M.E.-Master of Engineering""","""M.E.""","""Master of Engineering""","""ME"""
"""B.Tech.-Bachelor of Technology""","""B.Tech.-Bachelor of Technology""","""B.Tech.""","""Bachelor of Technology""","""BTech"""
"""M.Tech. -Master of Technology""","""M.Tech. -Master of Technology""","""M.Tech. ""","""Master of Technology""","""MTech """
"""B.E.-Bachelor of Engineering""","""B.E.-Bachelor of Engineering""","""B.E.""","""Bachelor of Engineering""","""BE"""
"""B.S.Course-Bachelor of Science [Physician Assistant and Emergency & Trauma Care Management]""","""B.S.Course-Bachelor of Science [Physician Assistant and Emergency & Trauma Care Management]""","""B.S.Course""","""Bachelor of Science [Physician Assistant and Emergency & Trauma Care Management]""","""BSCourse"""
"""M.Pharm. -Master of Pharmacy""","""M.Pharm. -Master of Pharmacy""","""M.Pharm. ""","""Master of Pharmacy""","""MPharm """
"""Pharm.D.-Doctor of Pharmacy""","""Pharm.D.-Doctor of Pharmacy""","""Pharm.D.""","""Doctor of Pharmacy""","""PharmD"""
"""D.Pharma-Diploma in Pharmacy""","""D.Pharma-Diploma in Pharmacy""","""D.Pharma""","""Diploma in Pharmacy""","""DPharma"""
"""B.Pharm.-Bachelor of Pharmacy""","""B.Pharm.-Bachelor of Pharmacy""","""B.Pharm.""","""Bachelor of Pharmacy""","""BPharm"""
"""M.Sc. Nursing-Master of Science in Nursing""","""M.Sc. Nursing-Master of Science in Nursing""","""M.Sc. Nursing""","""Master of Science in Nursing""","""MSc Nursing"""
"""B.Sc.[Nursing]-Bachelor of Science in Nursing""","""B.Sc.[Nursing]-Bachelor of Science in Nursing""","""B.Sc.[Nursing]""","""Bachelor of Science in Nursing""","""BSc[Nursing]"""
"""M.D.S.-Master of Dental Surgery""","""M.D.S.-Master of Dental Surgery""","""M.D.S.""","""Master of Dental Surgery""","""MDS"""
"""B.D.S.-Bachelor of Dental Surgery""","""B.D.S.-Bachelor of Dental Surgery""","""B.D.S.""","""Bachelor of Dental Surgery""","""BDS"""
"""B.H.M.S.-Bachelor of Homeopathic Medicine and Surgery""","""B.H.M.S.-Bachelor of Homeopathic Medicine and Surgery""","""B.H.M.S.""","""Bachelor of Homeopathic Medicine and Surgery""","""BHMS"""
"""B.Architecture-Bachelor of Architecture""","""B.Architecture-Bachelor of Architecture""","""B.Architecture""","""Bachelor of Architecture""","""BArchitecture"""
"""B.F.Sc.-Bachelor of Fisheries Science""","""B.F.Sc.-Bachelor of Fisheries Science""","""B.F.Sc.""","""Bachelor of Fisheries Science""","""BFSc"""
"""M.Mgt.-Master of Management""","""M.Mgt.-Master of Management""","""M.Mgt.""","""Master of Management""","""MMgt"""
"""Ph.D.-Doctor of Philosophy""","""Ph.D.-Doctor of Philosophy""","""Ph.D.""","""Doctor of Philosophy""","""PhD"""
"""B.Agri.-Bachelor of Agriculture""","""B.Agri.-Bachelor of Agriculture""","""B.Agri.""","""Bachelor of Agriculture""","""BAgri"""
"""B.H.T.M.-Bachelor of Hotel and Tourism Management""","""B.H.T.M.-Bachelor of Hotel and Tourism Management""","""B.H.T.M.""","""Bachelor of Hotel and Tourism Management""","""BHTM"""
"""B.H.M.C.T.-Bachelor of Hotel Management and Catering Technology""","""B.H.M.C.T.-Bachelor of Hotel Management and Catering Technology""","""B.H.M.C.T.""","""Bachelor of Hotel Management and Catering Technology""","""BHMCT"""
"""B.M.M.-Bachelor of Multi Media""","""B.M.M.-Bachelor of Multi Media""","""B.M.M.""","""Bachelor of Multi Media""","""BMM"""
"""B.M.S.-Bachelor of Management Studies""","""B.M.S.-Bachelor of Management Studies""","""B.M.S.""","""Bachelor of Management Studies""","""BMS"""
"""M.S.-Master of Science""","""M.S.-Master of Science""","""M.S.""","""Master of Science""","""MS"""
"""M.Sc. Tech. -Master of Science in Technology""","""M.Sc. Tech. -Master of Science in Technology""","""M.Sc. Tech. ""","""Master of Science in Technology""","""MSc Tech """
"""B.H.M.T.T.-Bachelor of Hotel Management, Travel and Tourism""","""B.H.M.T.T.-Bachelor of Hotel Management, Travel and Tourism""","""B.H.M.T.T.""","""Bachelor of Hotel Management, Travel and Tourism""","""BHMTT"""
"""B.F.Tech.-Bachelor of Fashion Technology""","""B.F.Tech.-Bachelor of Fashion Technology""","""B.F.Tech.""","""Bachelor of Fashion Technology""","""BFTech"""
"""P.G.D.M.-Post-Graduate Diploma in Management""","""P.G.D.M.-Post-Graduate Diploma in Management""","""P.G.D.M.""","""Post""","""PGDM"""
"""B.H.M.-Bachelor of Hotel Management""","""B.H.M.-Bachelor of Hotel Management""","""B.H.M.""","""Bachelor of Hotel Management""","""BHM"""
"""B.A.[Hons]-Bachelor of Arts [Honors]""","""B.A.[Hons]-Bachelor of Arts [Honors]""","""B.A.[Hons]""","""Bachelor of Arts [Honors]""","""BA[Hons]"""
"""D.Ed.-Diploma in Education""","""D.Ed.-Diploma in Education""","""D.Ed.""","""Diploma in Education""","""DEd"""
"""B.Voc.-Bachelor of Vocational Education""","""B.Voc.-Bachelor of Vocational Education""","""B.Voc.""","""Bachelor of Vocational Education""","""BVoc"""
"""B.S.S.-Bachelor in Social Sciences""","""B.S.S.-Bachelor in Social Sciences""","""B.S.S.""","""Bachelor in Social Sciences""","""BSS"""
"""B.F.A.-Bachelor of Fine Arts""","""B.F.A.-Bachelor of Fine Arts""","""B.F.A.""","""Bachelor of Fine Arts""","""BFA"""
"""B.S. M.S.-Bachelor of Science, Master of Science""","""B.S. M.S.-Bachelor of Science, Master of Science""","""B.S. M.S.""","""Bachelor of Science, Master of Science""","""BS MS"""
"""M.Arch.-Master of Architecture""","""M.Arch.-Master of Architecture""","""M.Arch.""","""Master of Architecture""","""MArch"""
"""B.A. L.L.B.-Bachelor of Arts, Bachelor of Law or Laws""","""B.A. L.L.B.-Bachelor of Arts, Bachelor of Law or Laws""","""B.A. L.L.B.""","""Bachelor of Arts, Bachelor of Law or Laws""","""BA LLB"""
"""B.L.-Bachelor of Law or Laws""","""B.L.-Bachelor of Law or Laws""","""B.L.""","""Bachelor of Law or Laws""","""BL"""
"""B.Lib.Sc.-Bachelor of Library Science""","""B.Lib.Sc.-Bachelor of Library Science""","""B.Lib.Sc.""","""Bachelor of Library Science""","""BLibSc"""
"""B.Sc. B.Ed.-Bachelor of Science, Bachelor of Education""","""B.Sc. B.Ed.-Bachelor of Science, Bachelor of Education""","""B.Sc. B.Ed.""","""Bachelor of Science, Bachelor of Education""","""BSc BEd"""
"""M.H.R.D. -Master of Human Resource Development""","""M.H.R.D. -Master of Human Resource Development""","""M.H.R.D. ""","""Master of Human Resource Development""","""MHRD """
"""L.L.M.-Master of Law or Laws""","""L.L.M.-Master of Law or Laws""","""L.L.M.""","""Master of Law or Laws""","""LLM"""
"""M.Phil.-Master of Philosophy""","""M.Phil.-Master of Philosophy""","""M.Phil.""","""Master of Philosophy""","""MPhil"""
"""Acharya-Acharya""","""Acharya-Acharya""","""Acharya""","""Acharya""","""Acharya"""
"""Shastri-Shastri""","""Shastri-Shastri""","""Shastri""","""Shastri""","""Shastri"""
"""B.Des.-Bachelor of Design""","""B.Des.-Bachelor of Design""","""B.Des.""","""Bachelor of Design""","""BDes"""
"""M.P.Ed.-Master of Physical Education""","""M.P.Ed.-Master of Physical Education""","""M.P.Ed.""","""Master of Physical Education""","""MPEd"""
"""B.A. B.Ed.-Bachelor of Arts, Bachelor of Education""","""B.A. B.Ed.-Bachelor of Arts, Bachelor of Education""","""B.A. B.Ed.""","""Bachelor of Arts, Bachelor of Education""","""BA BEd"""
"""B.Com. B.Ed.-Bachelor of Commerce, Bachelor of Education""","""B.Com. B.Ed.-Bachelor of Commerce, Bachelor of Education""","""B.Com. B.Ed.""","""Bachelor of Commerce, Bachelor of Education""","""BCom BEd"""
"""B.J.-Bachelor of Journalism""","""B.J.-Bachelor of Journalism""","""B.J.""","""Bachelor of Journalism""","""BJ"""
"""Shiksha Shastri-Shiksha Shastri""","""Shiksha Shastri-Shiksha Shastri""","""Shiksha Shastri""","""Shiksha Shastri""","""Shiksha Shastri"""
"""B.Sc.[Post Basic]-B.Sc [Post Basic]""","""B.Sc.[Post Basic]-B.Sc [Post Basic]""","""B.Sc.[Post Basic]""","""B.Sc [Post Basic]""","""BSc[Post Basic]"""
"""Visharad-Visharad""","""Visharad-Visharad""","""Visharad""","""Visharad""","""Visharad"""
"""G.N.M.-General Nursing & Midwifery""","""G.N.M.-General Nursing & Midwifery""","""G.N.M.""","""General Nursing & Midwifery""","""GNM"""
"""Ayurvedacharya-Ayurvedacharya""","""Ayurvedacharya-Ayurvedacharya""","""Ayurvedacharya""","""Ayurvedacharya""","""Ayurvedacharya"""
"""Integrated M.Sc.-Integrated Master of Science""","""Integrated M.Sc.-Integrated Master of Science""","""Integrated M.Sc.""","""Integrated Master of Science""","""Integrated MSc"""
"""M.F.Tech.-Master of Fashion Technology""","""M.F.Tech.-Master of Fashion Technology""","""M.F.Tech.""","""Master of Fashion Technology""","""MFTech"""
"""B.A.M.S.-Bachelor of Ayurved Medicine & Surgery""","""B.A.M.S.-Bachelor of Ayurved Medicine & Surgery""","""B.A.M.S.""","""Bachelor of Ayurved Medicine & Surgery""","""BAMS"""
"""B.B.M.-Bachelor of Business Management""","""B.B.M.-Bachelor of Business Management""","""B.B.M.""","""Bachelor of Business Management""","""BBM"""
"""M.B.A.[Tech.]-Master of Business Administration in Technology""","""M.B.A.[Tech.]-Master of Business Administration in Technology""","""M.B.A.[Tech.]""","""Master of Business Administration in Technology""","""MBA[Tech]"""
"""M.Lib.Sc. -Master of Library Science""","""M.Lib.Sc. -Master of Library Science""","""M.Lib.Sc. ""","""Master of Library Science""","""MLibSc """
"""M.F.A. -Master of Fine Arts""","""M.F.A. -Master of Fine Arts""","""M.F.A. ""","""Master of Fine Arts""","""MFA """
"""M.L.I.Sc.-Master of Library & Information Science""","""M.L.I.Sc.-Master of Library & Information Science""","""M.L.I.Sc.""","""Master of Library & Information Science""","""MLISc"""
"""M.Sc.[Medical Microbiology]-Master of Science in Medical Microbiology""","""M.Sc.[Medical Microbiology]-Master of Science in Medical Microbiology""","""M.Sc.[Medical Microbiology]""","""Master of Science in Medical Microbiology""","""MSc[Medical Microbiology]"""
"""M.Des.-Master of Design""","""M.Des.-Master of Design""","""M.Des.""","""Master of Design""","""MDes"""
"""B.B.A. L.L.B.-Bachelor of Business Administration, Bachelor of Law or Laws""","""B.B.A. L.L.B.-Bachelor of Business Administration, Bachelor of Law or Laws""","""B.B.A. L.L.B.""","""Bachelor of Business Administration, Bachelor of Law or Laws""","""BBA LLB"""
"""M.Optom. -Master of Optometry""","""M.Optom. -Master of Optometry""","""M.Optom. ""","""Master of Optometry""","""MOptom """
"""M.Sc.[Medical Physiology]-Master of Science in Medical Physiology""","""M.Sc.[Medical Physiology]-Master of Science in Medical Physiology""","""M.Sc.[Medical Physiology]""","""Master of Science in Medical Physiology""","""MSc[Medical Physiology]"""
"""M.I.B.-Master of International Business""","""M.I.B.-Master of International Business""","""M.I.B.""","""Master of International Business""","""MIB"""
"""M.J.-Master of Journalism""","""M.J.-Master of Journalism""","""M.J.""","""Master of Journalism""","""MJ"""
"""M.Ch.-Master of Chirurgiae""","""M.Ch.-Master of Chirurgiae""","""M.Ch.""","""Master of Chirurgiae""","""MCh"""
"""D.M.-Doctor of Medicine""","""D.M.-Doctor of Medicine""","""D.M.""","""Doctor of Medicine""","""DM"""
"""B.Lib.I.Sc.-Bachelor of Library & Information Science""","""B.Lib.I.Sc.-Bachelor of Library & Information Science""","""B.Lib.I.Sc.""","""Bachelor of Library & Information Science""","""BLibISc"""
"""M.Mus. -Master of Music""","""M.Mus. -Master of Music""","""M.Mus. ""","""Master of Music""","""MMus """
"""B.Mus.-Bachelor of Music""","""B.Mus.-Bachelor of Music""","""B.Mus.""","""Bachelor of Music""","""BMus"""
"""B.Sc.[Sericulture]-Bachelor of Science in Sericulture""","""B.Sc.[Sericulture]-Bachelor of Science in Sericulture""","""B.Sc.[Sericulture]""","""Bachelor of Science in Sericulture""","""BSc[Sericulture]"""
"""Alankar-Alankar""","""Alankar-Alankar""","""Alankar""","""Alankar""","""Alankar"""
"""B.Dance-Bachelor of Dance""","""B.Dance-Bachelor of Dance""","""B.Dance""","""Bachelor of Dance""","""BDance"""
"""A.N.M.-Auxiliary Nurse & Midwife""","""A.N.M.-Auxiliary Nurse & Midwife""","""A.N.M.""","""Auxiliary Nurse & Midwife""","""ANM"""
"""P.G.P.-Post-Graduate Programme in Management""","""P.G.P.-Post-Graduate Programme in Management""","""P.G.P.""","""Post""","""PGP"""
"""Vachaspati-Vachaspati""","""Vachaspati-Vachaspati""","""Vachaspati""","""Vachaspati""","""Vachaspati"""
"""D.Voc.-Diploma in Vocational Education""","""D.Voc.-Diploma in Vocational Education""","""D.Voc.""","""Diploma in Vocational Education""","""DVoc"""
"""B.U.M.S.-Bachelor of Unani Medicine and Surgery""","""B.U.M.S.-Bachelor of Unani Medicine and Surgery""","""B.U.M.S.""","""Bachelor of Unani Medicine and Surgery""","""BUMS"""
"""B.O.T.-Bachelor of Occupational Therapy""","""B.O.T.-Bachelor of Occupational Therapy""","""B.O.T.""","""Bachelor of Occupational Therapy""","""BOT"""
"""M.O.T. -Master of Occupational Therapy""","""M.O.T. -Master of Occupational Therapy""","""M.O.T. ""","""Master of Occupational Therapy""","""MOT """
"""B.A.M.-Bachelor of Ayurved Medicine""","""B.A.M.-Bachelor of Ayurved Medicine""","""B.A.M.""","""Bachelor of Ayurved Medicine""","""BAM"""
"""Ayurveda Vachaspati-Ph.D in Ayurveda""","""Ayurveda Vachaspati-Ph.D in Ayurveda""","""Ayurveda Vachaspati""","""Ph.D in Ayurveda""","""Ayurveda Vachaspati"""
"""B.P.S.-Bachelor of Professional Studies""","""B.P.S.-Bachelor of Professional Studies""","""B.P.S.""","""Bachelor of Professional Studies""","""BPS"""
"""M.A.M.S.-Master of Ayurved in Medicine and Surgery""","""M.A.M.S.-Master of Ayurved in Medicine and Surgery""","""M.A.M.S.""","""Master of Ayurved in Medicine and Surgery""","""MAMS"""
"""M.Sc.[Medical Bio-Chemistry]-Master of Science in Medical Bio-Chemistry""","""M.Sc.[Medical Bio-Chemistry]-Master of Science in Medical Bio-Chemistry""","""M.Sc.[Medical Bio""","""Chemistry]""","""MSc[Medical Bio"""
"""B.I.B.F.-Bachelor of International Business and Finance""","""B.I.B.F.-Bachelor of International Business and Finance""","""B.I.B.F.""","""Bachelor of International Business and Finance""","""BIBF"""
"""B.Litt.-Bachelor of Literature""","""B.Litt.-Bachelor of Literature""","""B.Litt.""","""Bachelor of Literature""","""BLitt"""
"""M.A. B.Ed.-Master of Arts, Bachelor of Education""","""M.A. B.Ed.-Master of Arts, Bachelor of Education""","""M.A. B.Ed.""","""Master of Arts, Bachelor of Education""","""MA BEd"""
"""B.Pharm.[Ayu.] -Bachelor of Ayurved in Pharmacy""","""B.Pharm.[Ayu.] -Bachelor of Ayurved in Pharmacy""","""B.Pharm.[Ayu.] ""","""Bachelor of Ayurved in Pharmacy""","""BPharm[Ayu] """
"""B.C.L.-Bachelor of Civil Law""","""B.C.L.-Bachelor of Civil Law""","""B.C.L.""","""Bachelor of Civil Law""","""BCL"""
"""M.Litt.-Master of Literature or Master of Letters""","""M.Litt.-Master of Literature or Master of Letters""","""M.Litt.""","""Master of Literature or Master of Letters""","""MLitt"""
"""B.Stat.-Bachelor of Statistics""","""B.Stat.-Bachelor of Statistics""","""B.Stat.""","""Bachelor of Statistics""","""BStat"""
"""B.H.A.-Bachelor of Hospital Administration""","""B.H.A.-Bachelor of Hospital Administration""","""B.H.A.""","""Bachelor of Hospital Administration""","""BHA"""
"""M.P.H. -Master of Public Health""","""M.P.H. -Master of Public Health""","""M.P.H. ""","""Master of Public Health""","""MPH """
"""M.V.Sc. -Master of Veterinary Sciences""","""M.V.Sc. -Master of Veterinary Sciences""","""M.V.Sc. ""","""Master of Veterinary Sciences""","""MVSc """
"""B.V.Sc.-Bachelor of Veterinary Science""","""B.V.Sc.-Bachelor of Veterinary Science""","""B.V.Sc.""","""Bachelor of Veterinary Science""","""BVSc"""
"""M.M.C.-Master in Mass Communication""","""M.M.C.-Master in Mass Communication""","""M.M.C.""","""Master in Mass Communication""","""MMC"""
"""B.Com. L.L.B.-Bachelor of Commerce, Bachelor of Law""","""B.Com. L.L.B.-Bachelor of Commerce, Bachelor of Law""","""B.Com. L.L.B.""","""Bachelor of Commerce, Bachelor of Law""","""BCom LLB"""
"""Shiksha Acharya-Shiksha Acharya""","""Shiksha Acharya-Shiksha Acharya""","""Shiksha Acharya""","""Shiksha Acharya""","""Shiksha Acharya"""
"""M.Sc. B.Ed.-Master of Science, Bachelor of Education""","""M.Sc. B.Ed.-Master of Science, Bachelor of Education""","""M.Sc. B.Ed.""","""Master of Science, Bachelor of Education""","""MSc BEd"""
"""M.Dance-Master of Dance""","""M.Dance-Master of Dance""","""M.Dance""","""Master of Dance""","""MDance"""
"""B.G.L.-Bachelor of General Law""","""B.G.L.-Bachelor of General Law""","""B.G.L.""","""Bachelor of General Law""","""BGL"""
"""M.L. -Master of Laws""","""M.L. -Master of Laws""","""M.L. ""","""Master of Laws""","""ML """
"""M.Mkt.M. -Master of Marketing Management""","""M.Mkt.M. -Master of Marketing Management""","""M.Mkt.M. ""","""Master of Marketing Management""","""MMktM """
"""Vidya Varidhi-Vidya Varidhi""","""Vidya Varidhi-Vidya Varidhi""","""Vidya Varidhi""","""Vidya Varidhi""","""Vidya Varidhi"""
"""M.F.M. -Master of Financial Management""","""M.F.M. -Master of Financial Management""","""M.F.M. ""","""Master of Financial Management""","""MFM """
"""Parangat-Parangat""","""Parangat-Parangat""","""Parangat""","""Parangat""","""Parangat"""
"""M.F.Sc. -Master of Fishery Science""","""M.F.Sc. -Master of Fishery Science""","""M.F.Sc. ""","""Master of Fishery Science""","""MFSc """
"""B.V.Sc.&A.H.-Bachelor of Veterinary Science & Animal Husbandry""","""B.V.Sc.&A.H.-Bachelor of Veterinary Science & Animal Husbandry""","""B.V.Sc.&A.H.""","""Bachelor of Veterinary Science & Animal Husbandry""","""BVSc&AH"""
"""M.P.E.-Master of Physical Education""","""M.P.E.-Master of Physical Education""","""M.P.E.""","""Master of Physical Education""","""MPE"""
"""M.Sc. Tech.[Applied Geo-Physics]-Master of Science in Technology [Applied Geo-Physics]""","""M.Sc. Tech.[Applied Geo-Physics]-Master of Science in Technology [Applied Geo-Physics]""","""M.Sc. Tech.[Applied Geo""","""Physics]""","""MSc Tech[Applied Geo"""
"""B.Tech M.Tech-Bachelor of Technology, Master of Technology""","""B.Tech M.Tech-Bachelor of Technology, Master of Technology""","""B.Tech M.Tech""","""Bachelor of Technology, Master of Technology""","""BTech MTech"""
"""B.O.L.-Bachelor of Oriental Learning""","""B.O.L.-Bachelor of Oriental Learning""","""B.O.L.""","""Bachelor of Oriental Learning""","""BOL"""
"""M.Sc.[Medical Anatomy] -Master of Science in Medical Anatomy""","""M.Sc.[Medical Anatomy] -Master of Science in Medical Anatomy""","""M.Sc.[Medical Anatomy] ""","""Master of Science in Medical Anatomy""","""MSc[Medical Anatomy] """
"""D.Litt.-Doctor of Literature""","""D.Litt.-Doctor of Literature""","""D.Litt.""","""Doctor of Literature""","""DLitt"""
"""M.Plan.-Master of Planning""","""M.Plan.-Master of Planning""","""M.Plan.""","""Master of Planning""","""MPlan"""
"""Integrated Ph.D-Integrated Doctor of Philosophy""","""Integrated Ph.D-Integrated Doctor of Philosophy""","""Integrated Ph.D""","""Integrated Doctor of Philosophy""","""Integrated PhD"""
"""B.C.E.-Bachelor of Civil Engineering""","""B.C.E.-Bachelor of Civil Engineering""","""B.C.E.""","""Bachelor of Civil Engineering""","""BCE"""
"""Vidya Vachaspati-Vidya Vachaspati""","""Vidya Vachaspati-Vidya Vachaspati""","""Vidya Vachaspati""","""Vidya Vachaspati""","""Vidya Vachaspati"""
"""Samaj Karya Parangat-Samaj Karya Parangat""","""Samaj Karya Parangat-Samaj Karya Parangat""","""Samaj Karya Parangat""","""Samaj Karya Parangat""","""Samaj Karya Parangat"""
"""B.Plan.-Bachelor of Planning""","""B.Plan.-Bachelor of Planning""","""B.Plan.""","""Bachelor of Planning""","""BPlan"""
"""M.Stat. -Master of Statistics""","""M.Stat. -Master of Statistics""","""M.Stat. ""","""Master of Statistics""","""MStat """
"""B.N.Y.S.-Bachelor of Naturopathy and Yogic Sciences""","""B.N.Y.S.-Bachelor of Naturopathy and Yogic Sciences""","""B.N.Y.S.""","""Bachelor of Naturopathy and Yogic Sciences""","""BNYS"""
"""D.Sc.-Doctor of Science""","""D.Sc.-Doctor of Science""","""D.Sc.""","""Doctor of Science""","""DSc"""
"""M.F.M.-Master of Fashion Management""","""M.F.M.-Master of Fashion Management""","""M.F.M.""","""Master of Fashion Management""","""MFM"""
"""M.Com. B.Ed.-Master of Commerce, Bachelor of Education""","""M.Com. B.Ed.-Master of Commerce, Bachelor of Education""","""M.Com. B.Ed.""","""Master of Commerce, Bachelor of Education""","""MCom BEd"""
"""B.B.S.-Bachelor of Business Studies""","""B.B.S.-Bachelor of Business Studies""","""B.B.S.""","""Bachelor of Business Studies""","""BBS"""
"""B.Sc. L.L.B.-Bachelor of Science, Bachelor of Law or Laws""","""B.Sc. L.L.B.-Bachelor of Science, Bachelor of Law or Laws""","""B.Sc. L.L.B.""","""Bachelor of Science, Bachelor of Law or Laws""","""BSc LLB"""
"""M.Sc.[Medical Pharmacology]-Master of Science in Medical Pharmacology""","""M.Sc.[Medical Pharmacology]-Master of Science in Medical Pharmacology""","""M.Sc.[Medical Pharmacology]""","""Master of Science in Medical Pharmacology""","""MSc[Medical Pharmacology]"""
"""M.F.T. -Master of Foreign Trade""","""M.F.T. -Master of Foreign Trade""","""M.F.T. ""","""Master of Foreign Trade""","""MFT """
"""B.Nat.[Yogic Sciences]-Bachelor of Naturopathy and Yogic Sciences""","""B.Nat.[Yogic Sciences]-Bachelor of Naturopathy and Yogic Sciences""","""B.Nat.[Yogic Sciences]""","""Bachelor of Naturopathy and Yogic Sciences""","""BNat[Yogic Sciences]"""
"""M.H.M.S.-Master of Homeopathic Medicine and Science""","""M.H.M.S.-Master of Homeopathic Medicine and Science""","""M.H.M.S.""","""Master of Homeopathic Medicine and Science""","""MHMS"""
"""Hindi Shiksha Visharad-Hindi Shiksha Visharad""","""Hindi Shiksha Visharad-Hindi Shiksha Visharad""","""Hindi Shiksha Visharad""","""Hindi Shiksha Visharad""","""Hindi Shiksha Visharad"""
"""Integrated M.A.-Integrated Master of Arts""","""Integrated M.A.-Integrated Master of Arts""","""Integrated M.A.""","""Integrated Master of Arts""","""Integrated MA"""
"""B.S.M.S.-Bachelor of Sridhar Medicine and Surgery""","""B.S.M.S.-Bachelor of Sridhar Medicine and Surgery""","""B.S.M.S.""","""Bachelor of Sridhar Medicine and Surgery""","""BSMS"""
"""M.O.L. -Master of Oriental Learning""","""M.O.L. -Master of Oriental Learning""","""M.O.L. ""","""Master of Oriental Learning""","""MOL """
"""C.P.A.-Certified Public""","""C.P.A.-Certified Public""","""C.P.A.""","""Certified Public""","""CPA"""
"""Vidhyalankar-Vidhyalankar""","""Vidhyalankar-Vidhyalankar""","""Vidhyalankar""","""Vidhyalankar""","""Vidhyalankar"""
"""Samaj Vidya Visharad-Samaj Vidya Visharad""","""Samaj Vidya Visharad-Samaj Vidya Visharad""","""Samaj Vidya Visharad""","""Samaj Vidya Visharad""","""Samaj Vidya Visharad"""
"""Shikshan Parangat-Shikshan Parangat""","""Shikshan Parangat-Shikshan Parangat""","""Shikshan Parangat""","""Shikshan Parangat""","""Shikshan Parangat"""
"""Shiksha Visharad-Shiksha Visharad""","""Shiksha Visharad-Shiksha Visharad""","""Shiksha Visharad""","""Shiksha Visharad""","""Shiksha Visharad"""
"""D.Phil.-Doctor of Philosophy""","""D.Phil.-Doctor of Philosophy""","""D.Phil.""","""Doctor of Philosophy""","""DPhil"""
"""M.U.P.-Master of Urban Planning""","""M.U.P.-Master of Urban Planning""","""M.U.P.""","""Master of Urban Planning""","""MUP"""
"""L.L.D.-Doctor of Laws""","""L.L.D.-Doctor of Laws""","""L.L.D.""","""Doctor of Laws""","""LLD"""
"""Anu Parangat -Anu Parangat""","""Anu Parangat -Anu Parangat""","""Anu Parangat ""","""Anu Parangat""","""Anu Parangat """
"""B.Ch.E.-Bachelor of Chemical Engineering""","""B.Ch.E.-Bachelor of Chemical Engineering""","""B.Ch.E.""","""Bachelor of Chemical Engineering""","""BChE"""
"""M.P.S. -Master of Population Studies""","""M.P.S. -Master of Population Studies""","""M.P.S. ""","""Master of Population Studies""","""MPS """
"""D.Mus.-Doctor of Music""","""D.Mus.-Doctor of Music""","""D.Mus.""","""Doctor of Music""","""DMus"""
"""M.B.A.[Pharma. Tech.]-Master of Business Administration in Pharmaceutical Technology""","""M.B.A.[Pharma. Tech.]-Master of Business Administration in Pharmaceutical Technology""","""M.B.A.[Pharma. Tech.]""","""Master of Business Administration in Pharmaceutical Technology""","""MBA[Pharma Tech]"""
"""B.Chem.Tech.-Bachelor of Chemical Technology""","""B.Chem.Tech.-Bachelor of Chemical Technology""","""B.Chem.Tech.""","""Bachelor of Chemical Technology""","""BChemTech"""
"""M.T.P.M.-Master in Transportation Planning and Management""","""M.T.P.M.-Master in Transportation Planning and Management""","""M.T.P.M.""","""Master in Transportation Planning and Management""","""MTPM"""
