0,1,2,3,4,5,6,7,8,9,10,11,12,13,14,15,16,17,18
Sankalchand  Patel  University ,  Visnagar,SPUV,SPU  visnagar,SPU/V,SPU,SPU  V,SPU-V,sankalchand  patel  university,sankalchand  patel  university  visnagar,,,,,,,,,,
Rani  Channamma  University ,  Belagavi,rani  channamma  university,rani  channamma  university  belagavi,RCU/B,RCU,RCU  belagavi,RCU  B,RCU-B,RCUB,,,,,,,,,,
Saurashtra  University ,  Rajkot,SU  rajkot,SU/R,SU-R,SUR,SU  R,SU,saurashtra  university,saurashtra  university  rajkot,,,,,,,,,,
BHAKTA  KAVI  NARSINH  MEHTA  UNIVERSITY,bhakta  kavi  narsinh  mehta  university,BKNMU,,,,,,,,,,,,,,,,
R  K  University ,  Rajkot,RKU  rajkot,r  k  university,RKU-R,RKUR,RKU,RKU  R,r  k  university  rajkot,RKU/R,,,,,,,,,,
SWARNIM  GUJARAT  SPORTS  UNIVERSITY,SGSU,swarnim  gujarat  sports  university,,,,,,,,,,,,,,,,
Gujarat  Technological  University ,  Ahmedbabd,GTU/A,GTUA,GTU  ahmedbabd,GTU,gujarat  technological  university,GTU-A,gujarat  technological  university  ahmedbabd,GTU  A,,,,,,,,,,
SWAMI  RAMA  HIMALAYAN  UNIVERSITY,swami  rama  himalayan  university,SRHU,,,,,,,,,,,,,,,,
VINAYAKA  MISSIONs  RESEARCH  FOUNDATION ,  SALEM,VMRF,VMRF/S,VMRF  salem,VMRF-S,vinayaka  missions  research  foundation  salem,VMRFS,VMRF  S,vinayaka  missions  research  foundation,,,,,,,,,,
North  Maharashtra  University ,  Jalgaon,NMUJ,NMU/J,NMU  J,north  maharashtra  university,north  maharashtra  university  jalgaon,NMU  jalgaon,NMU,NMU-J,,,,,,,,,,
Dr  Rajendra  Prasad  Central  Agricultural  University ,  Samastipur,dr  rajendra  prasad  central  agricultural  university  samastipur,DRPCAU,DRPCAU  samastipur,DRPCAU  S,DRPCAU-S,dr  rajendra  prasad  central  agricultural  university,DRPCAU/S,DRPCAUS,,,,,,,,,,
I  K  Gujral  Punjab  Technical  University ,  Jalandhar,IKGPTU,IKGPTU  jalandhar,i  k  gujral  punjab  technical  university  jalandhar,IKGPTU-J,IKGPTU  J,i  k  gujral  punjab  technical  university,IKGPTUJ,IKGPTU/J,,,,,,,,,,
MAHARAJA  RANJIT  SINGH  STATE  TECHNICAL  UNIVERSITY,MRSSTU,maharaja  ranjit  singh  state  technical  university,,,,,,,,,,,,,,,,
CHAUDHARY  RANBIR  SINGH  UNIVERSITY ,  JIND,CRSU-J,CRSU/J,chaudhary  ranbir  singh  university  jind,CRSUJ,CRSU,CRSU  jind,CRSU  J,chaudhary  ranbir  singh  university,,,,,,,,,,
Kurukshetra  University ,  Kurukshetra,kurukshetra  university  kurukshetra,kurukshetra  university,KU-K,KU  K,KU,KUK,KU  kurukshetra,KU/K,,,,,,,,,,
Lakshmibai  National  Institute  of  Physical  Education ,  Gwalior,LNIPE  G,LNIPE  gwalior,LNIPE,lakshmibai  national  institute  of  physical  education  gwalior,lakshmibai  national  institute  physical  education  gwalior,LNIPEG,lakshmibai  national  institute  physical  education,lakshmibai  national  institute  of  physical  education,LNIPE-G,LNIPE/G,,,,,,,,
Integral  University ,  Lucknow,IU  L,IUL,IU  lucknow,integral  university,IU/L,IU,IU-L,integral  university  lucknow,,,,,,,,,,
North  Orissa  University ,  Mayurbhanj,NOU  M,NOU-M,NOU/M,NOU  mayurbhanj,north  orissa  university  mayurbhanj,NOU,NOUM,north  orissa  university,,,,,,,,,,
Shivaji  University ,  Kolhapur,SU/K,SU  K,SU  kolhapur,SU-K,shivaji  university,SU,shivaji  university  kolhapur,SUK,,,,,,,,,,
Shree  Somnath  Sanskrit  University ,  Junagarh,SSSU-J,SSSU  junagarh,SSSU  J,SSSU,SSSU/J,SSSUJ,shree  somnath  sanskrit  university,shree  somnath  sanskrit  university  junagarh,,,,,,,,,,
Himachal  Pradesh  University   ,  Shimla,HPU/S,HPU  shimla,HPUS,himachal  pradesh  university    shimla,HPU-S,himachal  pradesh  university  ,HPU,HPU  S,,,,,,,,,,
Himachal  Pradesh  Technical  University ,  Hamirpur,himachal  pradesh  technical  university,HPTU-H,HPTU  H,himachal  pradesh  technical  university  hamirpur,HPTU,HPTU  hamirpur,HPTUH,HPTU/H,,,,,,,,,,
Sardar  Patel  University ,  Vallabh  Vidyanagar,SPUV,SPU/V,SPU,SPU  V,SPU  vallabh  vidyanagar,SPU-V,sardar  patel  university  vallabh  vidyanagar,sardar  patel  university,,,,,,,,,,
Mahatma  Gandhi  University ,  Kottayam,MGUK,mahatma  gandhi  university  kottayam,MGU/K,MGU-K,MGU  K,mahatma  gandhi  university,MGU  kottayam,MGU,,,,,,,,,,
A  P  J  ABDUL  KALAM  TECHNOLOGICAL  UNIVERSITY,a  p  j  abdul  kalam  technological  university,APJAKTU,,,,,,,,,,,,,,,,
KERALA  UNIVERSITY  OF  HEALTH  AND  ALLIED  SCIENCES,KUHAS,kerala  university  health  allied  sciences,kerala  university  of  health  and  allied  sciences,,,,,,,,,,,,,,,
GLS  UNIVERSITY,GU,gls  university,,,,,,,,,,,,,,,,
PARUL  UNIVERSITY,PU,parul  university,,,,,,,,,,,,,,,,
Calcutta  University ,  Kolkata,CU-K,CU  K,calcutta  university  kolkata,CU  kolkata,CU,CU/K,CUK,calcutta  university,,,,,,,,,,
THE  WEST  BENGAL  UNIVERSITY  OF  TEARCHERS  TRAINING ,  EDUCATION  PLANNING  AND  ADMINISTRATION,the  west  bengal  university  tearchers  training  education  planning  and  administration,the  west  bengal  university  of  tearchers  training  education  planning  and  administration,TWBUTTE,the  west  bengal  university  tearchers  training,TWBUTT,the  west  bengal  university  of  tearchers  training,TWBUTT  E,TWBUTT  education  planning  and  administration,TWBUTT-E,TWBUTT/E,,,,,,,,
Chatrapati  Sahuji  Maharaj  Kanpur  University ,  Kanpur,CSMKU-K,CSMKU,chatrapati  sahuji  maharaj  kanpur  university,CSMKU/K,CSMKUK,chatrapati  sahuji  maharaj  kanpur  university  kanpur,CSMKU  kanpur,CSMKU  K,,,,,,,,,,
ALLAHABAD  STATE  UNIVERSITY,allahabad  state  university,ASU,,,,,,,,,,,,,,,,
Vesveswaraiah  Technological  University ,  Belgaum,VTU/B,VTU  belgaum,VTUB,VTU,VTU-B,vesveswaraiah  technological  university,vesveswaraiah  technological  university  belgaum,VTU  B,,,,,,,,,,
nan,nan,,,,,,,,,,,,,,,,,
Dayalbagh  Educational  Institute ,  Agra,dayalbagh  educational  institute  agra,DEI  agra,DEI,DEI-A,DEIA,dayalbagh  educational  institute,DEI  A,DEI/A,,,,,,,,,,
Magadh  University ,  Bodh  Gaya,MU-B,MU/B,MU  bodh  gaya,magadh  university,MU  B,MUB,MU,magadh  university  bodh  gaya,,,,,,,,,,
Jai  Narain  Vyas  University ,  Jodhpur,JNVU-J,JNVU,JNVUJ,JNVU/J,jai  narain  vyas  university  jodhpur,jai  narain  vyas  university,JNVU  J,JNVU  jodhpur,,,,,,,,,,
Maharishi  Dayanand  Saraswati  University ,  Ajmer,MDSUA,MDSU,MDSU  ajmer,MDSU-A,maharishi  dayanand  saraswati  university  ajmer,MDSU  A,maharishi  dayanand  saraswati  university,MDSU/A,,,,,,,,,,
Mahatama  Jyotiba  Phule  Rohikhand  University ,  Bareilly,MJPRU  B,MJPRUB,MJPRU-B,mahatama  jyotiba  phule  rohikhand  university,MJPRU  bareilly,mahatama  jyotiba  phule  rohikhand  university  bareilly,MJPRU,MJPRU/B,,,,,,,,,,
Karnataka  Sanskrit  University,karnataka  sanskrit  university,KSU,,,,,,,,,,,,,,,,
Mahatma  Gandhi  Kashi  Vidyapeeth ,  Varanasi,MGKV  V,MGKV  varanasi,MGKVV,MGKV/V,MGKV-V,mahatma  gandhi  kashi  vidyapeeth,MGKV,mahatma  gandhi  kashi  vidyapeeth  varanasi,,,,,,,,,,
Maharashtra  University  of  Health  Sciences ,  Nashik,maharashtra  university  of  health  sciences,MUHS  nashik,MUHS,MUHS/N,MUHSN,MUHS  N,maharashtra  university  of  health  sciences  nashik,maharashtra  university  health  sciences  nashik,maharashtra  university  health  sciences,MUHS-N,,,,,,,,
SIDDHARTH  UNIVERSITY ,  KAPILVASTU,SU/K,siddharth  university  kapilvastu,SU  K,SU-K,siddharth  university,SU,SU  kapilvastu,SUK,,,,,,,,,,
Deen  Dayal  Upadhyay  Gorakhpur  University ,  Gorakhpur,deen  dayal  upadhyay  gorakhpur  university,DDUGUG,deen  dayal  upadhyay  gorakhpur  university  gorakhpur,DDUGU  G,DDUGU-G,DDUGU,DDUGU/G,DDUGU  gorakhpur,,,,,,,,,,
Tamil  Nadu  Teacher  Education  University ,  Chennai,TNTEU-C,tamil  nadu  teacher  education  university,TNTEU/C,tamil  nadu  teacher  education  university  chennai,TNTEU,TNTEUC,TNTEU  C,TNTEU  chennai,,,,,,,,,,
Ranchi  University ,  Ranchi,ranchi  university,ranchi  university  ranchi,RU,RU/R,RU  ranchi,RU  R,RUR,RU-R,,,,,,,,,,
Dr.  B.  R.  Ambedkar  University ,  Agra,DRBR  university,DBRAU,DBRAUA,DBRAU  A,dr.  b.  r.  ambedkar  university,DBRAU/A,DRBR  agra,DRBRA,DBRAU-A,DBRAU  agra,DRBR,DRBR  A,dr.  b.  r.  ambedkar  university  agra,DRBR  university  agra,DRBR/A,DRBR-A,,
Sri  Devraj  Urs  Acaedmy  of  Highehr  Education  and  Research ,  Kolar,SDUAHER  kolar,SDUAHER/K,SDUAHER,SDUAHER  K,sri  devraj  urs  acaedmy  of  highehr  education  and  research  kolar,sri  devraj  urs  acaedmy  highehr  education  research  kolar,sri  devraj  urs  acaedmy  highehr  education  research,SDUAHER-K,SDUAHERK,sri  devraj  urs  acaedmy  of  highehr  education  and  research,,,,,,,,
Chhattisgarh  Swami  Vivekanand  Technical  University ,  Bhilai,CSVTU/B,CSVTU-B,CSVTU,CSVTU  bhilai,chhattisgarh  swami  vivekanand  technical  university  bhilai,CSVTUB,chhattisgarh  swami  vivekanand  technical  university,CSVTU  B,,,,,,,,,,
Solapur  University ,  Solapur,SU/S,SU  S,solapur  university  solapur,solapur  university,SU-S,SU,SU  solapur,SUS,,,,,,,,,,
Veer  Bahadur  Singh  Purvanchal  University ,  Jaunpur,VBSPU  jaunpur,VBSPU  J,veer  bahadur  singh  purvanchal  university  jaunpur,veer  bahadur  singh  purvanchal  university,VBSPU/J,VBSPUJ,VBSPU,VBSPU-J,,,,,,,,,,
Sri  Venkateswara  Institute  of  Medical  Sciences ,  Tirupathi,sri  venkateswara  institute  of  medical  sciences  tirupathi,SVIMS-T,SVIMS/T,sri  venkateswara  institute  medical  sciences,SVIMS  tirupathi,sri  venkateswara  institute  medical  sciences  tirupathi,SVIMS  T,SVIMST,SVIMS,sri  venkateswara  institute  of  medical  sciences,,,,,,,,
D.Y.  Patil  Educational  Society   ,  Kolhapur,DPES  kolhapur,DPES  K,DY,DY  kolhapur,DYK,DPES,DPES-K,DY/K,DY  K,d.y.  patil  educational  society    kolhapur,DPESK,DPES/K,DY-K,d.y.  patil  educational  society  ,,,,
Charotar  University  of  Science  &  Technology ,    Anand,charotar  university  of  science  &  technology    anand,CUST    anand,charotar  university  science  technology    anand,charotar  university  of  science  &  technology,CUSTA,charotar  university  science  technology,CUST-A,CUST/A,CUST  A,CUST,,,,,,,,
Kavi  Kulguru  Kalidas  Sanskrit  Vishwavidyalaya ,  Ramtek,KKKSV/R,KKKSV  ramtek,KKKSV  R,KKKSVR,KKKSV,kavi  kulguru  kalidas  sanskrit  vishwavidyalaya  ramtek,KKKSV-R,kavi  kulguru  kalidas  sanskrit  vishwavidyalaya,,,,,,,,,,
Saveetha  University ,  Chennai,SU/C,SU  chennai,saveetha  university  chennai,SU-C,SU,SU  C,saveetha  university,SUC,,,,,,,,,,
Rajiv  Gandhi  University ,  Itanagar,RGU/I,RGU  I,RGUI,RGU  itanagar,rajiv  gandhi  university,rajiv  gandhi  university  itanagar,RGU-I,RGU,,,,,,,,,,
North  Eastern  Hill  University ,  Shillong,NEHUS,NEHU  shillong,NEHU-S,NEHU,north  eastern  hill  university,north  eastern  hill  university  shillong,NEHU  S,NEHU/S,,,,,,,,,,
The  West  Bengal  University  of  Health  Sciences ,  Kolkata,the  west  bengal  university  health  sciences,TWBUHS-K,TWBUHS,TWBUHS  kolkata,the  west  bengal  university  of  health  sciences  kolkata,TWBUHS  K,TWBUHS/K,the  west  bengal  university  health  sciences  kolkata,the  west  bengal  university  of  health  sciences,TWBUHSK,,,,,,,,
Homoeopathy  University ,  Jaipur,HU  J,HU,homoeopathy  university  jaipur,HUJ,HU-J,homoeopathy  university,HU/J,HU  jaipur,,,,,,,,,,
Anna  University ,  Chennai,AU  C,anna  university,anna  university  chennai,AU-C,AU/C,AU  chennai,AUC,AU,,,,,,,,,,
G.B.  Pant  Universtiy  of  Agriculture  and  Technology ,  Pantnagar,GPUAT/P,GB/P,g.b.  pant  universtiy  of  agriculture  and  technology  pantnagar,GPUAT  P,GB  universtiy    pantnagar,g.b.  pant  universtiy  of  agriculture  and  technology,GB-P,GB  P,g.b.  pant  universtiy  agriculture  technology  pantnagar,GPUAT-P,GPUAT,GB,GPUAT  pantnagar,GBP,GB  universtiy  ,GPUATP,g.b.  pant  universtiy  agriculture  technology,GB  pantnagar
UTTARAKHAND  UNIVERSITY  OF  HORTICULTURE  AND  FORESTRY ,  BHARSAR,UUHF-B,uttarakhand  university  horticulture  forestry,uttarakhand  university  horticulture  forestry  bharsar,uttarakhand  university  of  horticulture  and  forestry  bharsar,UUHF,UUHF  bharsar,UUHFB,UUHF  B,uttarakhand  university  of  horticulture  and  forestry,UUHF/B,,,,,,,,
Nagaland  University,NU,nagaland  university,,,,,,,,,,,,,,,,
Indian  Institute  of  Foreign  Trade ,  Delhi,IIFT/D,indian  institute  of  foreign  trade  delhi,indian  institute  foreign  trade,indian  institute  foreign  trade  delhi,indian  institute  of  foreign  trade,IIFT  D,IIFT-D,IIFTD,IIFT,IIFT  delhi,,,,,,,,
Mangalore  University ,  Mangalore,MU  mangalore,mangalore  university,MU/M,MU  M,MU-M,mangalore  university  mangalore,MU,MUM,,,,,,,,,,
Jawarharlal  Nehru  Architecture  and  Fine  Art  University  Hyderabad,jawarharlal  nehru  architecture  and  fine  art  university  hyderabad,jawarharlal  nehru  architecture  fine  art  university  hyderabad,JNAFAUH,,,,,,,,,,,,,,,
Mother  Teresa  Women's  University ,  Kodaikanal,MTWU-K,mother  teresa  women's  university,MTWSUK,MTWSU-K,MTWSU  K,MTWUK,MTWSU/K,MTWU/K,MTWSU,mother  teresa  women's  university  kodaikanal,MTWU,MTWU  kodaikanal,MTWSU  kodaikanal,MTWU  K,,,,
Bhagat  Phool  Singh    Mahila  University ,  Khanpur  Kalan ,  Sonipat,bhagat  phool  singh    mahila  university  khanpur  kalan ,  sonipat,BPSMU-S,bhagat  phool  singh  mahila  university  khanpur  kalan ,  sonipat,BPSMU/S,BPSMU,bhagat  phool  singh    mahila  university,bhagat  phool  singh  mahila  university,BPSMU  S,BPSMU  khanpur  kalan ,  sonipat,BPSMUS,,,,,,,,
Gauhati  University ,  Guwahati,GU,GU  G,GUG,gauhati  university  guwahati,GU-G,gauhati  university,GU/G,GU  guwahati,,,,,,,,,,
SRIMANTA  SANKARADEVA  UNIVERSITY  OF  HEALTH  SCIENCES ,  GUWAHATI,SSUHS-G,SSUHSG,SSUHS/G,srimanta  sankaradeva  university  health  sciences,srimanta  sankaradeva  university  of  health  sciences  guwahati,SSUHS  guwahati,SSUHS,srimanta  sankaradeva  university  health  sciences  guwahati,srimanta  sankaradeva  university  of  health  sciences,SSUHS  G,,,,,,,,
Mysore  University ,  Mysore,mysore  university  mysore,mysore  university,MU  mysore,MU/M,MU  M,MU-M,MU,MUM,,,,,,,,,,
Bangalore  University ,  Bangalore,BU,BUB,bangalore  university  bangalore,bangalore  university,BU-B,BU  B,BU  bangalore,BU/B,,,,,,,,,,
T.M.  Bhagalpur  University ,  Bhagalpur,TM/B,TMB,TM-B,TBU/B,TBU  B,TM  bhagalpur,TBU,TM  B,TM  university,TBU-B,TBU  bhagalpur,TM,TM  university  bhagalpur,TBUB,t.m.  bhagalpur  university  bhagalpur,t.m.  bhagalpur  university,,
Davangere  University ,  Davangere,davangere  university  davangere,DU  D,DUD,DU-D,DU,davangere  university,DU/D,DU  davangere,,,,,,,,,,
Kuvempu  University ,  Shankaraghatta ,  Shimoga,KU  S,KU-S,KU  shankaraghatta ,  shimoga,KU,KU/S,KUS,kuvempu  university,kuvempu  university  shankaraghatta ,  shimoga,,,,,,,,,,
Veer  Narmad  South  Gujarat  University ,  Surat,VNSGU-S,VNSGU/S,VNSGU  S,VNSGUS,VNSGU,veer  narmad  south  gujarat  university,veer  narmad  south  gujarat  university  surat,VNSGU  surat,,,,,,,,,,
Jawaharlal  Nehru  Technological  University ,  Kakinada,JNTU  kakinada,JNTU,JNTUK,JNTU-K,jawaharlal  nehru  technological  university  kakinada,jawaharlal  nehru  technological  university,JNTU  K,JNTU/K,,,,,,,,,,
Ahmedabad  University,ahmedabad  university,AU,,,,,,,,,,,,,,,,
Rashtrasant  Tukadoji  Maharaj  Nagpur  University ,  Nagpur,RTMNU  N,RTMNU-N,RTMNU  nagpur,rashtrasant  tukadoji  maharaj  nagpur  university  nagpur,RTMNUN,RTMNU/N,RTMNU,rashtrasant  tukadoji  maharaj  nagpur  university,,,,,,,,,,
GONDWANA  UNIVERSITY ,  GADCHIROLI,GU,GU  G,GUG,GU  gadchiroli,GU-G,gondwana  university,gondwana  university  gadchiroli,GU/G,,,,,,,,,,
Vidya  Sagar  University ,  Midnapore,VSU,VSU  M,vidya  sagar  university  midnapore,VSU/M,VSUM,VSU  midnapore,VSU-M,vidya  sagar  university,,,,,,,,,,
Dr.  Harisingh  Gaur    Vishwavidyalaya ,  Sagar,DHGV/S,DHGV,dr.  harisingh  gaur  vishwavidyalaya,DHGV  S,dr.  harisingh  gaur  vishwavidyalaya  sagar,DHGV  sagar,DHGVS,dr.  harisingh  gaur    vishwavidyalaya,DHGV-S,dr.  harisingh  gaur    vishwavidyalaya  sagar,,,,,,,,
MAHARAJA  CHHATRASAL  BUNDELKHAND  UNIVERSITY,MCBU,maharaja  chhatrasal  bundelkhand  university,,,,,,,,,,,,,,,,
Deenbandhu  Chhotu  Ram  University  of  Science  &  Technology ,  Murthal(Sonepat),DCRUSTM,deenbandhu  chhotu  ram  university  of  science  &  technology,DCRUST/M,DCRUST,DCRUST  M,deenbandhu  chhotu  ram  university  of  science  &  technology  murthal,deenbandhu  chhotu  ram  university  science  technology  murthal,deenbandhu  chhotu  ram  university  science  technology,DCRUST  murthal,DCRUST-M,,,,,,,,
NITTE  Unversity ,  Mangalore,NU/M,NU  mangalore,nitte  unversity,NU,nitte  unversity  mangalore,NU-M,NU  M,NUM,,,,,,,,,,
Hemchandracharya  North  Gujart  University ,  Patan,HNGU  P,HNGU,HNGU  patan,hemchandracharya  north  gujart  university  patan,HNGUP,HNGU-P,HNGU/P,hemchandracharya  north  gujart  university,,,,,,,,,,
SYMBIOSIS  International  University ,  Pune,SIU  P,symbiosis  international  university,SIU-P,SIU,SIU  pune,SIUP,SIU/P,symbiosis  international  university  pune,,,,,,,,,,
Kota  University ,  Kota,kota  university,KU-K,KU  K,KU,KUK,kota  university  kota,KU  kota,KU/K,,,,,,,,,,
Jai  Prakash  Vishwavidyalaya ,  Chapra,JPVC,JPV/C,JPV  chapra,JPV-C,JPV  C,JPV,jai  prakash  vishwavidyalaya  chapra,jai  prakash  vishwavidyalaya,,,,,,,,,,
Jawaharlal  Nehru  Technological  University ,  Hyderabad,JNTU  hyderabad,JNTU-H,JNTU  H,jawaharlal  nehru  technological  university  hyderabad,JNTUH,jawaharlal  nehru  technological  university,JNTU/H,JNTU,,,,,,,,,,
Sampurnanand  Sanskrit  Vishwavidyalaya ,    Varanasi,SSV,SSVV,sampurnanand  sanskrit  vishwavidyalaya,sampurnanand  sanskrit  vishwavidyalaya    varanasi,SSV  V,SSV    varanasi,SSV/V,SSV-V,,,,,,,,,,
Banaras  Hindu  University ,  Banaras,BHU/B,BHU,BHU-B,banaras  hindu  university,banaras  hindu  university  banaras,BHU  B,BHUB,BHU  banaras,,,,,,,,,,
Uttrakhand  Technical  University ,  Dehradun,uttrakhand  technical  university,UTUD,UTU,uttrakhand  technical  university  dehradun,UTU/D,UTU  D,UTU  dehradun,UTU-D,,,,,,,,,,
Fakir  Mohan  University ,  Balasore,fakir  mohan  university,FMU-B,FMUB,FMU,FMU  B,FMU/B,FMU  balasore,fakir  mohan  university  balasore,,,,,,,,,,
University  of  Kashmir ,  Srinagar,UK  srinagar,UK-S,university  kashmir,UK/S,UK,university  of  kashmir  srinagar,university  of  kashmir,university  kashmir  srinagar,UK  S,UKS,,,,,,,,
Satavahana  University ,  Karimnagar,SU/K,SU  K,SU-K,SU  karimnagar,satavahana  university  karimnagar,SU,satavahana  university,SUK,,,,,,,,,,
Gulbarga  University ,  Gulbarga,GU,GU  G,GUG,gulbarga  university  gulbarga,GU-G,gulbarga  university,GU  gulbarga,GU/G,,,,,,,,,,
DURG  UNIVERSITY,DU,durg  university,,,,,,,,,,,,,,,,
Pt.  Ravishankar  Shukla  University ,  Raipur,PRSUR,PRSU,PRSU/R,pt.  ravishankar  shukla  university  raipur,pt.  ravishankar  shukla  university,PRSU  R,PRSU  raipur,PRSU-R,,,,,,,,,,
Ayush  and  Health  Science  University  of  Chattisgarh ,  Raipur,AHSUC  raipur,AHSUC-R,ayush  health  science  university  chattisgarh  raipur,AHSUC/R,AHSUCR,ayush  and  health  science  university  of  chattisgarh  raipur,ayush  health  science  university  chattisgarh,AHSUC  R,AHSUC,ayush  and  health  science  university  of  chattisgarh,,,,,,,,
Kumaun  University ,  Nainital,KU,kumaun  university,KU-N,KU/N,kumaun  university  nainital,KU  nainital,KUN,KU  N,,,,,,,,,,
Palamuru  University ,    Mahabubnagar,PU  M,PUM,PU/M,palamuru  university    mahabubnagar,PU,PU    mahabubnagar,PU-M,palamuru  university,,,,,,,,,,
Sri  Venkateswara  Veterinary  University ,  Tirupathi,SVVUT,sri  venkateswara  veterinary  university,sri  venkateswara  veterinary  university  tirupathi,SVVU  tirupathi,SVVU-T,SVVU/T,SVVU,SVVU  T,,,,,,,,,,
Dr  Y  S  R  Horticulture  University,dr  y  s  r  horticulture  university,DYSRHU,,,,,,,,,,,,,,,,
Punjabi  University ,  Patiala,PU  P,PU  patiala,punjabi  university,PUP,PU/P,PU-P,PU,punjabi  university  patiala,,,,,,,,,,
BILASPUR  VISHWAVIDYALAYA,bilaspur  vishwavidyalaya,BV,,,,,,,,,,,,,,,,
Ch.  Devi  Lal  University ,  Sirsa,CDLU-S,CDLU/S,CDLU  S,ch.  devi  lal  university,CDLUS,CDLU  sirsa,ch.  devi  lal  university  sirsa,CDLU,,,,,,,,,,
Jain  Vishva  Bharati  Institute ,  Nagaur,JVBI  nagaur,jain  vishva  bharati  institute  nagaur,JVBIN,JVBI-N,jain  vishva  bharati  institute,JVBI  N,JVBI,JVBI/N,,,,,,,,,,
Bundelkhand  University ,    Jhansi,BU  J,BU,bundelkhand  university    jhansi,BU/J,bundelkhand  university,BU    jhansi,BU-J,BUJ,,,,,,,,,,
Aligarh  Muslim  University ,  Aligarh,AMU  aligarh,aligarh  muslim  university  aligarh,AMU-A,AMU/A,AMU  A,AMUA,AMU,aligarh  muslim  university,,,,,,,,,,
University  of  Jammu ,  Jammu  Tawi,university  jammu  jammu  tawi,UJ,university  of  jammu  jammu  tawi,UJ  J,UJJ,university  jammu,UJ-J,UJ/J,university  of  jammu,UJ  jammu  tawi,,,,,,,,
Krishna  Institute  of  Medical  Sciences  Deemed  University ,  Karad,KIMSDU/K,krishna  institute  of  medical  sciences  deemed  university,KIMSDU  karad,KIMSDUK,krishna  institute  of  medical  sciences  deemed  university  karad,KIMSDU,krishna  institute  medical  sciences  deemed  university,KIMSDU-K,krishna  institute  medical  sciences  deemed  university  karad,KIMSDU  K,,,,,,,,
Utkal  University  of  Culture ,  Bhubaneswar,utkal  university  culture,utkal  university  of  culture,UUC-B,utkal  university  of  culture  bhubaneswar,UUCB,UUC/B,UUC  bhubaneswar,UUC  B,utkal  university  culture  bhubaneswar,UUC,,,,,,,,
Andhra  University ,  Visakhapatnam,AU  V,AU/V,AUV,AU  visakhapatnam,AU-V,andhra  university  visakhapatnam,andhra  university,AU,,,,,,,,,,
Adikavi  Nannaya  University ,  Rajahmundry ,  East  Godawari,adikavi  nannaya  university  rajahmundry ,  east  godawari,adikavi  nannaya  university,ANU/E,ANU  rajahmundry ,  east  godawari,ANU,ANU  E,ANU-E,ANUE,,,,,,,,,,
K.L.E.  Academy  of  Higher  Education  and  Research ,  Belgaum,KAHER,k.l.e.  academy  higher  education  research,KLE  B,KLE,KAHER-B,KLE-B,KAHER  belgaum,KLE/B,KAHERB,KAHER  B,KLEB,KLE  belgaum,k.l.e.  academy  higher  education  research  belgaum,k.l.e.  academy  of  higher  education  and  research,k.l.e.  academy  of  higher  education  and  research  belgaum,KAHER/B,,
Rajasthan  University  of  Veterinary  and  Animal  Sciences ,  Bikaner,rajasthan  university  of  veterinary  and  animal  sciences  bikaner,rajasthan  university  veterinary  animal  sciences,rajasthan  university  veterinary  animal  sciences  bikaner,RUVAS,RUVAS-B,RUVAS  B,rajasthan  university  of  veterinary  and  animal  sciences,RUVAS  bikaner,RUVASB,RUVAS/B,,,,,,,,
Hemwati  Nandan  Bahuguna  Garhwal  Univeristy ,  Srinagar ,  Garhwal,hemwati  nandan  bahuguna  garhwal  univeristy,hemwati  nandan  bahuguna  garhwal  univeristy  srinagar ,  garhwal,HNBGU/G,HNBGUG,HNBGU,HNBGU  srinagar ,  garhwal,HNBGU-G,HNBGU  G,,,,,,,,,,
Vikram  Simhapuri  University ,  Nellore,VSU,vikram  simhapuri  university  nellore,VSU-N,vikram  simhapuri  university,VSUN,VSU  N,VSU/N,VSU  nellore,,,,,,,,,,
Assam  Agricultural  University ,  Jorhat,AAUJ,AAU-J,AAU  jorhat,AAU  J,assam  agricultural  university  jorhat,AAU,assam  agricultural  university,AAU/J,,,,,,,,,,
Dr.B.R.Ambedkar  University ,  Etcherla,DRBR  university,DRBR  university  etcherla,DU-E,DUE,DU  E,DRBRE,DRBR  etcherla,DRBR  E,DRBR,DRBR/E,DU,DU/E,DRBR-E,dr.b.r.ambedkar  university  etcherla,dr.b.r.ambedkar  university,DU  etcherla,,
Bastar  Vishwavidyalaya ,  Bastar,bastar  vishwavidyalaya,BV,BV  B,bastar  vishwavidyalaya  bastar,BV-B,BVB,BV  bastar,BV/B,,,,,,,,,,
Krishna  University ,  Machhlipattanam,krishna  university,krishna  university  machhlipattanam,KU  M,KU,KU-M,KU/M,KU  machhlipattanam,KUM,,,,,,,,,,
Osmania  University ,  Hyderabad,OUH,OU  H,osmania  university  hyderabad,OU  hyderabad,OU,osmania  university,OU/H,OU-H,,,,,,,,,,
Dr  Sarvepalli  Radhakrishnan  Rajasthan  Ayurved  University ,  Jodhpur,dr  sarvepalli  radhakrishnan  rajasthan  ayurved  university  jodhpur,DSRRAU,DSRRAU  J,DSRRAU  jodhpur,DSRRAU/J,dr  sarvepalli  radhakrishnan  rajasthan  ayurved  university,DSRRAU-J,DSRRAUJ,,,,,,,,,,
Rayalaseema ,  University  Kurnool,R-U,RU,rayalaseema,R,R  U,rayalaseema  university  kurnool,R  university  kurnool,R/U,,,,,,,,,,
Acharya  NG  Ranga  Agricultural  University ,  Guntur,ANRAU  guntur,ANRAU/G,ANRAU,ANRAUG,ANRAU-G,acharya  ng  ranga  agricultural  university  guntur,ANRAU  G,acharya  ng  ranga  agricultural  university,,,,,,,,,,
Kushabhau  Thakre  Patrakarita  Avam  Jansanchar  Vishwavidyalaya ,  Raipur,KTPAJV-R,KTPAJVR,KTPAJV,kushabhau  thakre  patrakarita  avam  jansanchar  vishwavidyalaya,KTPAJV/R,KTPAJV  raipur,kushabhau  thakre  patrakarita  avam  jansanchar  vishwavidyalaya  raipur,KTPAJV  R,,,,,,,,,,
Assam  University ,  Silchar,AU  silchar,AU/S,assam  university,AU-S,AU  S,assam  university  silchar,AUS,AU,,,,,,,,,,
Kannada  University ,  Hampi ,  Kamalapura,KU-K,KU  K,KU,KU  hampi ,  kamalapura,kannada  university,KUK,kannada  university  hampi ,  kamalapura,KU/K,,,,,,,,,,
Tumkur  University ,  Tumkur,tumkur  university  tumkur,TU,TU-T,TU  T,TUT,tumkur  university,TU/T,TU  tumkur,,,,,,,,,,
Central  Agricultural  University ,  Imphal,central  agricultural  university,central  agricultural  university  imphal,CAU  I,CAU,CAU  imphal,CAU-I,CAU/I,CAUI,,,,,,,,,,
Jawaharlal  Nehru  Technological  University ,  Anantapur,JNTU/A,jawaharlal  nehru  technological  university  anantapur,JNTU-A,JNTU  A,JNTUA,JNTU  anantapur,jawaharlal  nehru  technological  university,JNTU,,,,,,,,,,
Rashtriya  Sanskrit  Sansthan ,  New  Delhi,RSS  new  delhi,RSS,RSS  N,RSSN,rashtriya  sanskrit  sansthan  new  delhi,RSS-N,rashtriya  sanskrit  sansthan,RSS/N,,,,,,,,,,
Veer  Kunwar  Singh  University ,  Arrah,VKSU,VKSU-A,VKSU  A,VKSU/A,VKSU  arrah,veer  kunwar  singh  university  arrah,veer  kunwar  singh  university,VKSUA,,,,,,,,,,
Kakatiya  University ,  Warangal,KU  W,kakatiya  university,KU,kakatiya  university  warangal,KU/W,KUW,KU-W,KU  warangal,,,,,,,,,,
Guru    Jambheshwar  University  of  Science  and  Technology ,  Hissar,GJUST-H,GJUST  hissar,GJUSTH,GJUST  H,guru  jambheshwar  university  science  technology  hissar,guru  jambheshwar  university  science  technology,GJUST,guru    jambheshwar  university  of  science  and  technology,guru    jambheshwar  university  of  science  and  technology  hissar,GJUST/H,,,,,,,,
Sri  Venkateswara  University ,  Tirupathy,sri  venkateswara  university,sri  venkateswara  university  tirupathy,SVUT,SVU,SVU  tirupathy,SVU-T,SVU  T,SVU/T,,,,,,,,,,
Guru  Nanak  Dev  University ,  Amritsar,GNDU,GNDU  A,GNDUA,guru  nanak  dev  university,GNDU/A,GNDU-A,guru  nanak  dev  university  amritsar,GNDU  amritsar,,,,,,,,,,
Maharshi  Dayanand  University ,  Rohtak,maharshi  dayanand  university,maharshi  dayanand  university  rohtak,MDU  rohtak,MDUR,MDU/R,MDU,MDU  R,MDU-R,,,,,,,,,,
CHAUDHARY  BANSI  LAL  UNIVERSITY,CBLU,chaudhary  bansi  lal  university,,,,,,,,,,,,,,,,
Alagappa  University ,  Alagappa  Nagar ,  Karaikudi,AUK,AU  K,AU  alagappa  nagar ,  karaikudi,alagappa  university  alagappa  nagar ,  karaikudi,AU-K,AU/K,alagappa  university,AU,,,,,,,,,,
Choudhary  Charan  Singh  University ,  Meerut,CCSU  meerut,CCSUM,CCSU  M,CCSU/M,CCSU,choudhary  charan  singh  university,choudhary  charan  singh  university  meerut,CCSU-M,,,,,,,,,,
Panjab  University ,Chandigarh,PUchandigarh,panjab  universitychandigarh,PU/C,PU,PU  C,PU-C,PUC,panjab  university,,,,,,,,,,
Chaudhary  Charan  Singh  Haryana  Agricultural  University ,  Hisar,CCSHAU-H,CCSHAUH,chaudhary  charan  singh  haryana  agricultural  university,CCSHAU  H,CCSHAU  hisar,chaudhary  charan  singh  haryana  agricultural  university  hisar,CCSHAU,CCSHAU/H,,,,,,,,,,
Jawaharlal  Nehru  Krishi  Vishwavidyalaya ,  Jabalpur,JNKV  J,JNKVJ,JNKV/J,jawaharlal  nehru  krishi  vishwavidyalaya  jabalpur,JNKV-J,JNKV,jawaharlal  nehru  krishi  vishwavidyalaya,JNKV  jabalpur,,,,,,,,,,
Raja  Mansingh    Tomar  Music  &  Arts  University ,  Gwalior,RMTMAU  gwalior,raja  mansingh  tomar  music  arts  university  gwalior,RMTMAU-G,RMTMAUG,raja  mansingh    tomar  music  &  arts  university  gwalior,RMTMAU,raja  mansingh    tomar  music  &  arts  university,RMTMAU/G,RMTMAU  G,raja  mansingh  tomar  music  arts  university,,,,,,,,
Bhupendra  Narayan  Mandal  University ,  Madhepura,bhupendra  narayan  mandal  university,BNMU/M,BNMU,BNMUM,bhupendra  narayan  mandal  university  madhepura,BNMU  madhepura,BNMU  M,BNMU-M,,,,,,,,,,
Aryabhatta  Knoweledge  University   ,  Patna,AKUP,AKU,AKU  patna,aryabhatta  knoweledge  university  ,AKU/P,AKU-P,AKU  P,aryabhatta  knoweledge  university    patna,,,,,,,,,,
Devi  Ahilya  Vishwavidyalaya ,  Indore,DAV-I,devi  ahilya  vishwavidyalaya,DAV,DAV  I,DAV/I,DAVI,devi  ahilya  vishwavidyalaya  indore,DAV  indore,,,,,,,,,,
Biju  Patnaik  University  of  Technology ,  Rourkela,BPUT,BPUT/R,BPUTR,biju  patnaik  university  of  technology,biju  patnaik  university  of  technology  rourkela,biju  patnaik  university  technology,BPUT  R,BPUT-R,BPUT  rourkela,biju  patnaik  university  technology  rourkela,,,,,,,,
Karnataka  Vetrinary ,  Animal  &  Fisheries  Science  University ,  Nandinagar,karnataka  vetrinary,karnataka  vetrinary  animal  &  fisheries  science  university ,  nandinagar,KV  animal  &  fisheries  science  university ,  nandinagar,KV/N,KVN,KV,KV-N,KV  N,,,,,,,,,,
Yogi  Vemana  University ,  Kadapa,YVU  K,YVU  kadapa,YVU-K,yogi  vemana  university  kadapa,yogi  vemana  university,YVU,YVU/K,YVUK,,,,,,,,,,
Pt.  Bhagwat  Dayal  Sharma  University  of  Health  Sciences,pt.  bhagwat  dayal  sharma  university  health  sciences,pt.  bhagwat  dayal  sharma  university  of  health  sciences,PBDSUHS,,,,,,,,,,,,,,,
University    of  Agricultural  Sciences ,  Dharwad,UAS/D,university    of  agricultural  sciences,UAS,UASD,UAS  D,UAS-D,university  agricultural  sciences,university  agricultural  sciences  dharwad,UAS  dharwad,university    of  agricultural  sciences  dharwad,,,,,,,,
Goa  University ,  Goa,GU,GU  G,GUG,goa  university  goa,GU  goa,GU-G,goa  university,GU/G,,,,,,,,,,
Sri  Krishnadevaraya  University ,  Anantapur,SKU  anantapur,sri  krishnadevaraya  university,SKU/A,sri  krishnadevaraya  university  anantapur,SKU  A,SKU-A,SKUA,SKU,,,,,,,,,,
Makhanlal  Chaturvedi  National  University  of  Journalism  and  Communication ,  Bhopal,MCNUJC-B,makhanlal  chaturvedi  national  university  of  journalism  and  communication  bhopal,MCNUJC,makhanlal  chaturvedi  national  university  of  journalism  and  communication,MCNUJC  B,makhanlal  chaturvedi  national  university  journalism  communication  bhopal,MCNUJCB,makhanlal  chaturvedi  national  university  journalism  communication,MCNUJC  bhopal,MCNUJC/B,,,,,,,,
Vikram  University ,  Ujjain,vikram  university  ujjain,VUU,VU-U,VU  U,VU/U,VU,VU  ujjain,vikram  university,,,,,,,,,,
Awadesh  Pratap  Singh  University ,  Rewa,awadesh  pratap  singh  university  rewa,APSU  rewa,APSU,APSU  R,APSUR,APSU-R,awadesh  pratap  singh  university,APSU/R,,,,,,,,,,
KING  GEORGE  MEDICAL  UNIVERSITY,king  george  medical  university,KGMU,,,,,,,,,,,,,,,,
Acharya  Nagarjuna  University ,  Guntur,ANU/G,acharya  nagarjuna  university,ANU-G,ANU,acharya  nagarjuna  university  guntur,ANUG,ANU  guntur,ANU  G,,,,,,,,,,
Guru  Gobind  Singh  Indraprastha  University,GGSIU,guru  gobind  singh  indraprastha  university,,,,,,,,,,,,,,,,
Lalit  Narayan  Mithila  University ,  Darbhanga,LNMUD,LNMU  D,LNMU  darbhanga,lalit  narayan  mithila  university,LNMU/D,LNMU-D,LNMU,lalit  narayan  mithila  university  darbhanga,,,,,,,,,,
Indira  Kala  Sangit  Vishwavidyalaya ,  Khairagarh,IKSV  khairagarh,indira  kala  sangit  vishwavidyalaya  khairagarh,IKSV/K,IKSV,IKSV  K,indira  kala  sangit  vishwavidyalaya,IKSV-K,IKSVK,,,,,,,,,,
Mahatma  Gandhi  University ,  Nalgonda,MGU-N,mahatma  gandhi  university  nalgonda,MGU  nalgonda,MGU/N,mahatma  gandhi  university,MGUN,MGU  N,MGU,,,,,,,,,,
Indira  Gandhi  Krishi  Vishwavidyalaya ,  Raipur,IGKV  raipur,IGKV/R,IGKV,IGKV-R,IGKVR,indira  gandhi  krishi  vishwavidyalaya,indira  gandhi  krishi  vishwavidyalaya  raipur,IGKV  R,,,,,,,,,,
CHHATTISGARH  KAMDHENU  VISHWAVIDALAYA,CKV,chhattisgarh  kamdhenu  vishwavidalaya,,,,,,,,,,,,,,,,
Mumbai  University  Mumbai,mumbai  university  mumbai,MUM,,,,,,,,,,,,,,,,
Dr.  Babasaheb  Ambedkar  Marathwada  University ,  Aurangabad,DBAMU/A,DBAMU,DBAMU  A,DBAMU-A,dr.  babasaheb  ambedkar  marathwada  university  aurangabad,DBAMU  aurangabad,DBAMUA,dr.  babasaheb  ambedkar  marathwada  university,,,,,,,,,,
Ramakrishna  Mission  Vivekananda  Educational    and  Research  Institute ,  Howrah,ramakrishna  mission  vivekananda  educational    and  research  institute,RMVERI/H,ramakrishna  mission  vivekananda  educational  research  institute,RMVERI,RMVERIH,RMVERI-H,RMVERI  H,ramakrishna  mission  vivekananda  educational    and  research  institute  howrah,ramakrishna  mission  vivekananda  educational  research  institute  howrah,RMVERI  howrah,,,,,,,,
Jagadguru  Sri  Shivarathreeswara  University ,  Mysore,JSSUM,JSSU/M,JSSU  M,JSSU,jagadguru  sri  shivarathreeswara  university,JSSU-M,jagadguru  sri  shivarathreeswara  university  mysore,JSSU  mysore,,,,,,,,,,
Telangana  University ,  Nizamabad,TU  nizamabad,TU,TU/N,TUN,telangana  university,telangana  university  nizamabad,TU  N,TU-N,,,,,,,,,,
University    of  Agricultural  Sciences ,  Raichur,UAS-R,university    of  agricultural  sciences,UAS,UASR,university  agricultural  sciences,UAS  R,university    of  agricultural  sciences  raichur,UAS/R,university  agricultural  sciences  raichur,UAS  raichur,,,,,,,,
Barkatullah  University ,  Bhopal,BU,BUB,barkatullah  university  bhopal,BU  bhopal,BU-B,BU  B,barkatullah  university,BU/B,,,,,,,,,,
Bharati  Vidyapeeth ,  Pune,BV  pune,BV-P,BV,BVP,BV  P,bharati  vidyapeeth  pune,bharati  vidyapeeth,BV/P,,,,,,,,,,
Karnataka  University ,  Dharwad,karnataka  university  dharwad,KUD,KU,KU-D,KU  dharwad,KU/D,karnataka  university,KU  D,,,,,,,,,,
University    of  Horticultural  Sciences ,  Bagalkot,UHSB,university    of  horticultural  sciences  bagalkot,UHS  bagalkot,university  horticultural  sciences  bagalkot,university  horticultural  sciences,UHS-B,university    of  horticultural  sciences,UHS/B,UHS,UHS  B,,,,,,,,
UNIVERSITY  OF  AGRICULTURAL  AND  HORTICULTURAL  SCIENCES ,  SHIMOGA,UAHS,university  of  agricultural  and  horticultural  sciences  shimoga,university  of  agricultural  and  horticultural  sciences,UAHSS,university  agricultural  horticultural  sciences  shimoga,UAHS-S,UAHS  S,UAHS/S,university  agricultural  horticultural  sciences,UAHS  shimoga,,,,,,,,
Bharathidasan  University ,  Tiruchirappalli,BUT,BU,BU  tiruchirappalli,BU-T,bharathidasan  university,bharathidasan  university  tiruchirappalli,BU  T,BU/T,,,,,,,,,,
Thiruvalluvar  Univeristy ,  Vellore,TU  vellore,TUV,TU/V,TU,thiruvalluvar  univeristy  vellore,thiruvalluvar  univeristy,TU  V,TU-V,,,,,,,,,,
University  of  Agricultural  Sciences ,  Bangalore,UAS-B,UAS,UAS  bangalore,UAS  B,university  agricultural  sciences,university  of  agricultural  sciences  bangalore,university  agricultural  sciences  bangalore,UAS/B,UASB,university  of  agricultural  sciences,,,,,,,,
University  of  Allahabad ,  Allahabad,university  of  allahabad,UA  A,university  of  allahabad  allahabad,UA  allahabad,UA/A,UA,university  allahabad,UA-A,university  allahabad  allahabad,UAA,,,,,,,,
Sri  Siddharatha  Acedemy  of  Higher  Education,SSAHE,sri  siddharatha  acedemy  of  higher  education,sri  siddharatha  acedemy  higher  education,,,,,,,,,,,,,,,
Madurai  Kamraj  University ,  Madurai,MKU/M,madurai  kamraj  university,MKU,madurai  kamraj  university  madurai,MKUM,MKU  M,MKU  madurai,MKU-M,,,,,,,,,,
Maharaja  Ganga  Singh  University ,  Bikaner,MGSU  bikaner,MGSU-B,maharaja  ganga  singh  university  bikaner,MGSUB,MGSU/B,MGSU,MGSU  B,maharaja  ganga  singh  university,,,,,,,,,,
PANDIT  DEENDAYAL  UPADHYAYA  SHEKHAWATI  UNIVERSITY,pandit  deendayal  upadhyaya  shekhawati  university,PDUSU,,,,,,,,,,,,,,,,
MAHARAJA  SURAJMAL  BRIJ  UNIVERSITY,maharaja  surajmal  brij  university,MSBU,,,,,,,,,,,,,,,,
Homi  Bhabha  Natioanal  Institute  Knowledge  Management  Group ,  Mumbai,HBNIKMG  mumbai,HBNIKMG  M,HBNIKMG/M,homi  bhabha  natioanal  institute  knowledge  management  group,homi  bhabha  natioanal  institute  knowledge  management  group  mumbai,HBNIKMG-M,HBNIKMGM,HBNIKMG,,,,,,,,,,
3,3,,,,,,,,,,,,,,,,,
Berhampur  University ,  Berhampur,BU,BUB,berhampur  university  berhampur,BU  berhampur,BU-B,BU  B,BU/B,berhampur  university,,,,,,,,,,
RAMA  DEVI  WOMEN'S  UNIVERSITY ,  BHUBANESWAR,RDWU  B,RDWSUB,RDWU/B,RDWU-B,RDWSU/B,RDWSU  B,RDWSU  bhubaneswar,RDWSU,rama  devi  women's  university  bhubaneswar,RDWU  bhubaneswar,rama  devi  women's  university,RDWSU-B,RDWUB,RDWU,,,,
Utkal  University ,  Bhubaneswar,UU/B,UUB,UU-B,UU  B,utkal  university  bhubaneswar,utkal  university,UU  bhubaneswar,UU,,,,,,,,,,
Mohan  Lal  Sukhadia  University ,  Uaipur,MLSU,MLSU-U,MLSU/U,MLSU  uaipur,MLSUU,MLSU  U,mohan  lal  sukhadia  university  uaipur,mohan  lal  sukhadia  university,,,,,,,,,,
Tata  Institute  of  Fundamental  Research ,  Mumbai,tata  institute  of  fundamental  research  mumbai,TIFR  mumbai,TIFR,TIFR-M,TIFRM,tata  institute  fundamental  research,tata  institute  of  fundamental  research,TIFR/M,tata  institute  fundamental  research  mumbai,TIFR  M,,,,,,,,
Rajiv  Gandhi  University  of  Health  Sciences ,  Bangalore,rajiv  gandhi  university  health  sciences,RGUHS-B,rajiv  gandhi  university  of  health  sciences  bangalore,RGUHS  B,rajiv  gandhi  university  health  sciences  bangalore,RGUHS/B,RGUHS,rajiv  gandhi  university  of  health  sciences,RGUHS  bangalore,RGUHSB,,,,,,,,
Sambalpur  University ,  Sambalpur,sambalpur  university,SU/S,SU  S,SU-S,SU  sambalpur,SU,sambalpur  university  sambalpur,SUS,,,,,,,,,,
Krantiguru  Shyamji  Krishna  Verma  Kachchh  University ,  Kachchh,KSKVKU/K,krantiguru  shyamji  krishna  verma  kachchh  university,krantiguru  shyamji  krishna  verma  kachchh  university  kachchh,KSKVKU,KSKVKUK,KSKVKU  K,KSKVKU-K,KSKVKU  kachchh,,,,,,,,,,
Bharathiar  University ,  Coimbatore,BU,BU  coimbatore,BUC,BU-C,BU  C,BU/C,bharathiar  university,bharathiar  university  coimbatore,,,,,,,,,,
Manonmaniam  Sundaranar  University ,  Tirunelveli,manonmaniam  sundaranar  university  tirunelveli,MSUT,MSU-T,MSU  tirunelveli,MSU/T,MSU,MSU  T,manonmaniam  sundaranar  university,,,,,,,,,,
Savitribai  Phule  Pune  University,SPPU,savitribai  phule  pune  university,,,,,,,,,,,,,,,,
Dr.  Ram  Manohar  Lohia    Awadh  University ,  Faizabad,dr.  ram  manohar  lohia    awadh  university,DRMLAU  F,DRMLAU-F,dr.  ram  manohar  lohia    awadh  university  faizabad,DRMLAU,dr.  ram  manohar  lohia  awadh  university  faizabad,DRMLAU  faizabad,dr.  ram  manohar  lohia  awadh  university,DRMLAUF,DRMLAU/F,,,,,,,,
Jadavpur  University ,  Kolkata,jadavpur  university,JUK,jadavpur  university  kolkata,JU  kolkata,JU/K,JU-K,JU,JU  K,,,,,,,,,,
University  of  Gour  Banga ,  Malda,UGB/M,university  gour  banga,university  of  gour  banga,UGB,UGB-M,UGB  M,university  gour  banga  malda,university  of  gour  banga  malda,UGB  malda,UGBM,,,,,,,,
TAMIL  NADU  FISHERIES  UNIVERSITY,tamil  nadu  fisheries  university,TNFU,,,,,,,,,,,,,,,,
Tamilnadu  Veterinary  &  Animal  Sciences  University ,  Chennai,TVASU  chennai,tamilnadu  veterinary  &  animal  sciences  university  chennai,TVASU,tamilnadu  veterinary  &  animal  sciences  university,tamilnadu  veterinary  animal  sciences  university  chennai,tamilnadu  veterinary  animal  sciences  university,TVASU-C,TVASU  C,TVASU/C,TVASUC,,,,,,,,
Nilamber-Pitamber  University ,  Palamu,NUP,NU  palamu,NU,nilamber-pitamber  university,nilamber-pitamber  university  palamu,NU-P,NU  P,NU/P,,,,,,,,,,
Sant  Gadge  Baba  Amravati  University ,  Amravati,sant  gadge  baba  amravati  university,SGBAUA,SGBAU-A,SGBAU/A,SGBAU,SGBAU  amravati,SGBAU  A,sant  gadge  baba  amravati  university  amravati,,,,,,,,,,
Dr.  D.Y.Patil  Vidyapeeth ,  Pune,DRDY  pune,DDV  P,DDV-P,DDV  pune,DRDYP,dr.  d.y.patil  vidyapeeth  pune,DDVP,DRDY-P,DRDY,DDV,DDV/P,dr.  d.y.patil  vidyapeeth,DRDY  P,DRDY/P,,,,
Calicut  University ,  Thenhipalem ,  Malapuram,CU-M,CU/M,CU  thenhipalem ,  malapuram,CUM,CU,calicut  university,calicut  university  thenhipalem ,  malapuram,CU  M,,,,,,,,,,
West  Bengal  State  University ,  Kolkata,WBSU  kolkata,west  bengal  state  university  kolkata,WBSU,WBSUK,west  bengal  state  university,WBSU-K,WBSU/K,WBSU  K,,,,,,,,,,
Nirma  University ,  Ahmedabad,nirma  university  ahmedabad,NU,NU  A,nirma  university,NUA,NU  ahmedabad,NU-A,NU/A,,,,,,,,,,
Kolhan  University ,    West  Singhbhum,KU  W,kolhan  university,KU    west  singhbhum,KU,KU/W,KUW,KU-W,kolhan  university    west  singhbhum,,,,,,,,,,
Dr.  Balasaheb  Sawant  Konkan  Krishi  Vidyaapeeth ,(former  Konkan  Krishi  Vidyapeeth)  Ratnagiri,DBSKKV,dr.  balasaheb  sawant  konkan  krishi  vidyaapeeth  ratnagiri,DBSKKV  ratnagiri,dr.  balasaheb  sawant  konkan  krishi  vidyaapeeth,DBSKKV-R,DBSKKVR,DBSKKV  R,DBSKKV/R,,,,,,,,,,
Kerala  University ,  Thiruvananthapuram,KUT,kerala  university  thiruvananthapuram,KU,KU  thiruvananthapuram,KU-T,KU  T,kerala  university,KU/T,,,,,,,,,,
Kannur  University ,  Kannur,kannur  university,KU-K,KU  K,KU,KUK,KU  kannur,kannur  university  kannur,KU/K,,,,,,,,,,
Madras  University ,  Chennai,madras  university  chennai,MU  C,MU-C,MU  chennai,MUC,MU/C,madras  university,MU,,,,,,,,,,
Maharashtra  Animal  &  Fishery  Sciences  University ,  Nagpur,MAFSU/N,maharashtra  animal  fishery  sciences  university  nagpur,maharashtra  animal  &  fishery  sciences  university  nagpur,MAFSU  nagpur,MAFSU-N,MAFSUN,maharashtra  animal  &  fishery  sciences  university,maharashtra  animal  fishery  sciences  university,MAFSU,MAFSU  N,,,,,,,,
Kerala  Agricultural  University ,  Thrissur,kerala  agricultural  university,kerala  agricultural  university  thrissur,KAU  T,KAU/T,KAU,KAU-T,KAU  thrissur,KAUT,,,,,,,,,,
Kalyani  University ,  Kalyani,KU-K,KU  K,KU,KUK,KU  kalyani,KU/K,kalyani  university  kalyani,kalyani  university,,,,,,,,,,
Shri  Jagannath  Sanskrit  Vishwavidyalaya ,  Puri,shri  jagannath  sanskrit  vishwavidyalaya  puri,SJSV  puri,SJSV/P,SJSVP,SJSV  P,shri  jagannath  sanskrit  vishwavidyalaya,SJSV-P,SJSV,,,,,,,,,,
Ganpat  University ,  Ganpat  Vidyanagar ,  Kherva,ganpat  university,GU/K,GU,GU-K,GUK,GU  ganpat  vidyanagar ,  kherva,GU  K,ganpat  university  ganpat  vidyanagar ,  kherva,,,,,,,,,,
Smt.  Nathibai  Damodar  Thackersey  Women's  Univeristy ,  Mumbai,SNDTWU-M,SNDTWUM,smt.  nathibai  damodar  thackersey  women's  univeristy,SNDTWSU  mumbai,SNDTWSU,SNDTWSU-M,SNDTWSUM,SNDTWU  M,SNDTWU  mumbai,SNDTWU,SNDTWSU  M,SNDTWSU/M,smt.  nathibai  damodar  thackersey  women's  univeristy  mumbai,SNDTWU/M,,,,
SHRI  GOVIND  GURU  UNIVERSITY,SGGU,shri  govind  guru  university,,,,,,,,,,,,,,,,
Vinoba  Bhave  University ,  Hazaribagh,VBUH,VBU,vinoba  bhave  university  hazaribagh,VBU  H,vinoba  bhave  university,VBU  hazaribagh,VBU-H,VBU/H,,,,,,,,,,
Marathwada  Agricultural  University ,  Parbhani,MAU-P,MAU  P,marathwada  agricultural  university  parbhani,MAU  parbhani,MAU/P,MAUP,MAU,marathwada  agricultural  university,,,,,,,,,,
Dr.  Punjarao  Deshmukh  Krishi  Vidyapeeth ,  Akola,DPDKVA,DPDKV  A,DPDKV/A,DPDKV-A,DPDKV,dr.  punjarao  deshmukh  krishi  vidyapeeth  akola,dr.  punjarao  deshmukh  krishi  vidyapeeth,DPDKV  akola,,,,,,,,,,
Mahatma  Phule  Krishi  Vidyapeeth ,  Rahuri,MPKV,MPKV  rahuri,MPKVR,MPKV  R,mahatma  phule  krishi  vidyapeeth  rahuri,MPKV/R,mahatma  phule  krishi  vidyapeeth,MPKV-R,,,,,,,,,,
Burdwan  University ,  Burdwan,burdwan  university,BU,BUB,burdwan  university  burdwan,BU-B,BU  B,BU  burdwan,BU/B,,,,,,,,,,
Sidho-Kanho  Birsa  University,SBU,sidho-kanho  birsa  university,,,,,,,,,,,,,,,,
BANKURA  UNIVERSITY ,  BANKURA,bankura  university,BU,BUB,BU-B,BU  B,bankura  university  bankura,BU/B,BU  bankura,,,,,,,,,,
KAZI  NAZRUL  UNIVERSITY ,  ASANSOL,kazi  nazrul  university,KNU  asansol,KNU-A,KNU/A,KNU  A,KNUA,kazi  nazrul  university  asansol,KNU,,,,,,,,,,
Rabindra  Bharati  University ,  Kolkata,RBUK,RBU/K,RBU,rabindra  bharati  university  kolkata,rabindra  bharati  university,RBU  kolkata,RBU  K,RBU-K,,,,,,,,,,
Shanmugha  Arts ,  Science ,  Technology  &  Reserch  Academy  (SASTRA) ,  Thanjavur,shanmugha  arts  science ,  technology  &  reserch  academy   ,  thanjavur,SA/T,SA  T,SA  science ,  technology  &  reserch  academy   ,  thanjavur,SAT,SA,SA-T,shanmugha  arts,,,,,,,,,,
Maulana  Abul  Kalam  Azad  University  of  Technology ,  West  Bengal,MAKAUTW,MAKAUT  west  bengal,maulana  abul  kalam  azad  university  technology  west  bengal,maulana  abul  kalam  azad  university  of  technology,MAKAUT,maulana  abul  kalam  azad  university  of  technology  west  bengal,MAKAUT  W,maulana  abul  kalam  azad  university  technology,MAKAUT-W,MAKAUT/W,,,,,,,,
MGM  Institute  of  Health  Sciences ,  Navi    Mumbai,MIHS  navi    mumbai,MIHS,MIHS  N,mgm  institute  health  sciences  navi    mumbai,mgm  institute  of  health  sciences,MIHSN,mgm  institute  health  sciences,MIHS-N,mgm  institute  of  health  sciences  navi    mumbai,MIHS/N,,,,,,,,
Tamilnadu  Agricultural  University ,  Coimbatore,tamilnadu  agricultural  university,TAU-C,tamilnadu  agricultural  university  coimbatore,TAU  C,TAU,TAU/C,TAU  coimbatore,TAUC,,,,,,,,,,
Guru  Angad  Dev  Veterinary  &  Animal  Sciences  University ,  Ludhiana,guru  angad  dev  veterinary  &  animal  sciences  university  ludhiana,GADVASU,GADVASU/L,guru  angad  dev  veterinary  animal  sciences  university,guru  angad  dev  veterinary  &  animal  sciences  university,GADVASU  L,GADVASU  ludhiana,guru  angad  dev  veterinary  animal  sciences  university  ludhiana,GADVASU-L,GADVASUL,,,,,,,,
Vijayanagara  Sri  Krishnadevaraya  University ,  Bellary,VSKU  B,VSKUB,vijayanagara  sri  krishnadevaraya  university,VSKU-B,VSKU  bellary,VSKU/B,VSKU,vijayanagara  sri  krishnadevaraya  university  bellary,,,,,,,,,,
RAJIV  GANDHI  UNIVERSITY  OF  KNOWLEDGE  TECHNOLOGIES,RGUKT,rajiv  gandhi  university  knowledge  technologies,rajiv  gandhi  university  of  knowledge  technologies,,,,,,,,,,,,,,,
Swami  Ramanand  Teerth  Marathwada  University ,  Nanded,swami  ramanand  teerth  marathwada  university,SRTMU/N,SRTMU,SRTMUN,SRTMU-N,swami  ramanand  teerth  marathwada  university  nanded,SRTMU  nanded,SRTMU  N,,,,,,,,,,
Rajmata  Vijayaraje  Scindia  Krishi  Vishwa  Vidyalaya ,  Gwalior,RVSKVV,RVSKVVG,RVSKVV  G,rajmata  vijayaraje  scindia  krishi  vishwa  vidyalaya  gwalior,rajmata  vijayaraje  scindia  krishi  vishwa  vidyalaya,RVSKVV  gwalior,RVSKVV-G,RVSKVV/G,,,,,,,,,,
Sarguja  University ,  Ambikapur,sarguja  university  ambikapur,SU/A,SUA,SU,SU-A,SU  A,sarguja  university,SU  ambikapur,,,,,,,,,,
COOCH  BEHAR  PANCHANAN  BARMA  UNIVERSITY,cooch  behar  panchanan  barma  university,CBPBU,,,,,,,,,,,,,,,,
North  Bengal  University ,  Darjeeling,north  bengal  university  darjeeling,NBU,NBU-D,NBU  darjeeling,NBU  D,north  bengal  university,NBU/D,NBUD,,,,,,,,,,
Pondicherry  Univeristy ,  Puducherry,pondicherry  univeristy  puducherry,PU  P,PUP,pondicherry  univeristy,PU/P,PU-P,PU,PU  puducherry,,,,,,,,,,
Sido  Kanhu  Murmu  University ,  Dumka,SKMU-D,SKMU/D,SKMU  dumka,SKMUD,SKMU,SKMU  D,sido  kanhu  murmu  university,sido  kanhu  murmu  university  dumka,,,,,,,,,,
Tamil  Nadu  Dr.  M.G.R.  Medical  University   ,  Chennai,tamil  nadu  dr.  m.g.r.  medical  university  ,TAMIL  NADU  DRMGR  university    chennai,TNDMMUC,TNDMMU  chennai,TAMIL  NADU  DRMGR  chennai,TNDMMU  C,TNDMMU-C,TAMIL  NADU  DRMGR  C,TNDMMU,TAMIL  NADU  DRMGR/C,TAMIL  NADU  DRMGR-C,TAMIL  NADU  DRMGR  university  ,TAMIL  NADU  DRMGRC,tamil  nadu  dr.  m.g.r.  medical  university    chennai,TAMIL  NADU  DRMGR,TNDMMU/C,,
Uttar  Pradesh  Technical  University ,  Lucknow,uttar  pradesh  technical  university  lucknow,UPTU  L,UPTU-L,UPTU/L,UPTU,UPTU  lucknow,UPTUL,uttar  pradesh  technical  university,,,,,,,,,,
Manipal  Academy  of  Higher  Education ,  Manipal,MAHE/M,MAHE-M,MAHEM,manipal  academy  of  higher  education  manipal,MAHE  manipal,MAHE,manipal  academy  higher  education,manipal  academy  of  higher  education,MAHE  M,manipal  academy  higher  education  manipal,,,,,,,,
Navsari  Agricultural  University,navsari  agricultural  university,NAU,,,,,,,,,,,,,,,,
Rajasthan  University  of  Health  Sciences ,  Jaipur,rajasthan  university  health  sciences,RUHS/J,RUHS  J,rajasthan  university  health  sciences  jaipur,RUHSJ,RUHS  jaipur,RUHS,RUHS-J,rajasthan  university  of  health  sciences  jaipur,rajasthan  university  of  health  sciences,,,,,,,,
Tripura  University ,  Agartala,TU  agartala,TU-A,TU,TU  A,TUA,TU/A,tripura  university  agartala,tripura  university,,,,,,,,,,
Maulana  Mazharul  Haque  Arabic  &  Persian  University ,  Patna,MMHAPUP,MMHAPU,maulana  mazharul  haque  arabic  &  persian  university  patna,maulana  mazharul  haque  arabic  persian  university  patna,maulana  mazharul  haque  arabic  &  persian  university,MMHAPU/P,MMHAPU  patna,maulana  mazharul  haque  arabic  persian  university,MMHAPU  P,MMHAPU-P,,,,,,,,
National  Institute  of  Fashion  Technology ,  Hauz  Khas,national  institute  fashion  technology,NIFT  hauz  khas,national  institute  fashion  technology  hauz  khas,national  institute  of  fashion  technology  hauz  khas,NIFT-H,national  institute  of  fashion  technology,NIFT/H,NIFT,NIFT  H,NIFTH,,,,,,,,
Sikkim    University ,  Gangtok,SUG,SU  G,sikkim  university  gangtok,SU/G,sikkim    university  gangtok,SU,SU  gangtok,sikkim  university,sikkim    university,SU-G,,,,,,,,
Cochin  University  of  Science  &  Technology ,  Kochi,cochin  university  science  technology,cochin  university  of  science  &  technology,CUST  K,cochin  university  science  technology  kochi,CUST  kochi,cochin  university  of  science  &  technology  kochi,CUST-K,CUST/K,CUSTK,CUST,,,,,,,,
Periyar  University ,  Salem,PU  salem,PU  S,PU/S,periyar  university  salem,periyar  university,PUS,PU,PU-S,,,,,,,,,,
Uttaranchal  Sanskrit  University ,  Hardwar,USU/H,USU  hardwar,USU,uttaranchal  sanskrit  university  hardwar,uttaranchal  sanskrit  university,USU  H,USUH,USU-H,,,,,,,,,,
Manipur  University ,  Imphal,MU-I,MU  imphal,MUI,manipur  university  imphal,manipur  university,MU/I,MU,MU  I,,,,,,,,,,
Vinayaka  Missions  Sikkim  University ,  Tadong,VMSU,VMSU/T,vinayaka  missions  sikkim  university,VMSU  T,VMSU-T,VMSU  tadong,vinayaka  missions  sikkim  university  tadong,VMSUT,,,,,,,,,,
Sri  Balajai  Vidyapeeth  Mahatma  Gandhi  Medical  College ,  Puducherry,SBVMGMC  puducherry,sri  balajai  vidyapeeth  mahatma  gandhi  medical  college,SBVMGMC  P,sri  balajai  vidyapeeth  mahatma  gandhi  medical  college  puducherry,SBVMGMCP,SBVMGMC,SBVMGMC-P,SBVMGMC/P,,,,,,,,,,
Karnataka  State  Women  University ,  Bijapur,KSWU,KSWUB,KSWU  B,karnataka  state  women  university  bijapur,karnataka  state  women  university,KSWU-B,KSWU  bijapur,KSWU/B,,,,,,,,,,
Maharaja  Krishnakumarsinhji  Bhavnagar  University,MKBU,maharaja  krishnakumarsinhji  bhavnagar  university,,,,,,,,,,,,,,,,
Gujarat  University ,  Ahmedabad,GU,gujarat  university,GU  A,GU/A,GU  ahmedabad,GUA,gujarat  university  ahmedabad,GU-A,,,,,,,,,,
ANANT  NATIONAL  UNIVERSITY,ANU,anant  national  university,,,,,,,,,,,,,,,,
Vellore  Institute  of  Technology ,  Vellore,VIT  V,VIT,VIT-V,VITV,vellore  institute  of  technology  vellore,vellore  institute  technology  vellore,vellore  institute  of  technology,VIT/V,vellore  institute  technology,VIT  vellore,,,,,,,,
Marwadi  University,marwadi  university,MU,,,,,,,,,,,,,,,,
Maharishi  Panini  Sanskrit  Vishwavidyalaya ,  Ujjain,MPSV-U,maharishi  panini  sanskrit  vishwavidyalaya,MPSV,MPSV  ujjain,MPSVU,maharishi  panini  sanskrit  vishwavidyalaya  ujjain,MPSV/U,MPSV  U,,,,,,,,,,
Junagadh  Agricultural  University,junagadh  agricultural  university,JAU,,,,,,,,,,,,,,,,
Dibrugarh  University ,  Dibrugarh,dibrugarh  university  dibrugarh,DU  D,DU  dibrugarh,DUD,DU-D,DU,dibrugarh  university,DU/D,,,,,,,,,,
Centurion  University  of  Technology  and  Management,centurion  university  technology  management,centurion  university  of  technology  and  management,CUTM,,,,,,,,,,,,,,,
Maulana  Azad  National  Urdu  University ,  Hyderabad,MANUU-H,MANUU,maulana  azad  national  urdu  university  hyderabad,MANUUH,maulana  azad  national  urdu  university,MANUU  hyderabad,MANUU  H,MANUU/H,,,,,,,,,,
Karnataka  State  Law  University ,  Hubli,KSLU-H,KSLUH,KSLU  H,KSLU,karnataka  state  law  university  hubli,KSLU/H,karnataka  state  law  university,KSLU  hubli,,,,,,,,,,
Central  Univeristy  of  Kerala ,  Kasaragod,central  univeristy  of  kerala,central  univeristy  kerala  kasaragod,CUK/K,CUKK,central  univeristy  of  kerala  kasaragod,CUK  kasaragod,central  univeristy  kerala,CUK,CUK-K,CUK  K,,,,,,,,
SRI  DEV  SUMAN  UTTARAKHAND  UNIVERSITY ,  BADSHAHITHOL ,  TEHRI,sri  dev  suman  uttarakhand  university,sri  dev  suman  uttarakhand  university  badshahithol ,  tehri,SDSUU  badshahithol ,  tehri,SDSUU,SDSUU/T,SDSUU  T,SDSUU-T,SDSUUT,,,,,,,,,,
Rajasthan  Agricultural  University ,  Bikaner,rajasthan  agricultural  university  bikaner,RAU  bikaner,RAUB,RAU/B,RAU-B,RAU  B,RAU,rajasthan  agricultural  university,,,,,,,,,,
Sher-e-Kashmir  University  of  Agricultural  Science  &  Technology  of  Kashmir ,  Srinagar,sher-e-kashmir  university  agricultural  science  technology  kashmir  srinagar,SUASTK-S,sher-e-kashmir  university  of  agricultural  science  &  technology  of  kashmir  srinagar,sher-e-kashmir  university  agricultural  science  technology  kashmir,SUASTK,SUASTK  S,SUASTKS,sher-e-kashmir  university  of  agricultural  science  &  technology  of  kashmir,SUASTK  srinagar,SUASTK/S,,,,,,,,
Institute  of  Advanced  Studies  in  Education ,  Churu,institute  advanced  studies  in  education  churu,IASIE/C,IASIE  C,institute  of  advanced  studies  in  education  churu,IASIEC,IASIE-C,institute  of  advanced  studies  in  education,IASIE,institute  advanced  studies  in  education,IASIE  churu,,,,,,,,
Teerthanker  Mahaveer  University ,  Moradabad,TMU  moradabad,TMUM,teerthanker  mahaveer  university,teerthanker  mahaveer  university  moradabad,TMU,TMU/M,TMU  M,TMU-M,,,,,,,,,,
RAJ  RISHI  BHARTRIHARI  MATSYA  UNIVERSITY,RRBMU,raj  rishi  bhartrihari  matsya  university,,,,,,,,,,,,,,,,
ASSAM  SCIENCE  AND  TECHNOLOGY  UNIVERSITY,ASTU,assam  science  technology  university,assam  science  and  technology  university,,,,,,,,,,,,,,,
HEMWATI  NANDAN  BAHUGUNA  MEDICAL  EDUCATION  UNIVERSITY,hemwati  nandan  bahuguna  medical  education  university,HNBMEU,,,,,,,,,,,,,,,,
Mizoram  University ,  Aizwal,MU/A,mizoram  university,MUA,mizoram  university  aizwal,MU  A,MU  aizwal,MU-A,MU,,,,,,,,,,
Gujarat  Ayurveda  University ,  Jamnagar,GAU-J,gujarat  ayurveda  university  jamnagar,GAU  jamnagar,GAU,GAU/J,GAU  J,gujarat  ayurveda  university,GAUJ,,,,,,,,,,
Dharmsinh  Desai  univeristy ,  Nadiad,DDU/N,DDU  N,DDU-N,dharmsinh  desai  univeristy,DDU  nadiad,DDU,DDUN,dharmsinh  desai  univeristy  nadiad,,,,,,,,,,
Tamilnadu  Physical  Education  and  Sports  University ,  Chennai,TPESU,TPESU/C,tamilnadu  physical  education  and  sports  university,TPESU  C,TPESU-C,TPESU  chennai,tamilnadu  physical  education  sports  university,TPESUC,tamilnadu  physical  education  sports  university  chennai,tamilnadu  physical  education  and  sports  university  chennai,,,,,,,,
Shri  Mata  Vaishno  Devi  University ,  Jammu,SMVDU-J,SMVDU,shri  mata  vaishno  devi  university  jammu,SMVDU  J,SMVDU  jammu,SMVDUJ,SMVDU/J,shri  mata  vaishno  devi  university,,,,,,,,,,
DELHI  PHARMACEUTICAL  SCIENCES  AND  RESEARCH  UNIVERSITY,delhi  pharmaceutical  sciences  and  research  university,DPSRU,delhi  pharmaceutical  sciences  research  university,,,,,,,,,,,,,,,
Central  Institute  of  Fisheries  Education ,  Fishries  University ,  Mumbai,CIFE/M,CIFE,CIFE-M,CIFE  M,central  institute  fisheries  education  fishries  university ,  mumbai,CIFEM,central  institute  of  fisheries  education  fishries  university ,  mumbai,central  institute  of  fisheries  education,central  institute  fisheries  education,CIFE  fishries  university ,  mumbai,,,,,,,,
Chettinad  Academy  of  Research  &  Education ,  Kancheepuram,CARE-K,chettinad  academy  research  education  kancheepuram,chettinad  academy  of  research  &  education,CARE/K,CARE  kancheepuram,CARE,CARE  K,chettinad  academy  research  education,chettinad  academy  of  research  &  education  kancheepuram,CAREK,,,,,,,,
Anand  Agricultural  University ,  Anand,AAU  A,AAU  anand,anand  agricultural  university  anand,AAU,anand  agricultural  university,AAUA,AAU/A,AAU-A,,,,,,,,,,
Birla  Institute  of  Technology ,  Ranchi,BIT-R,birla  institute  technology  ranchi,BIT  R,BIT,BITR,birla  institute  technology,birla  institute  of  technology  ranchi,BIT/R,birla  institute  of  technology,BIT  ranchi,,,,,,,,
Bihar  Agriculture  University ,  Sabour,BAUS,bihar  agriculture  university  sabour,bihar  agriculture  university,BAU  S,BAU,BAU  sabour,BAU/S,BAU-S,,,,,,,,,,
Yenepoya  University ,  Mangalore,YU,yenepoya  university  mangalore,YU/M,YU-M,YUM,YU  mangalore,yenepoya  university,YU  M,,,,,,,,,,
Sikkim  Manipal  University ,  Gangtok,SMU,SMU/G,SMUG,sikkim  manipal  university,SMU  gangtok,sikkim  manipal  university  gangtok,SMU-G,SMU  G,,,,,,,,,,
Kameshwar  Singh  Darbhanga  Sanskrit  Vishwavidyalaya ,  Darbhanga,kameshwar  singh  darbhanga  sanskrit  vishwavidyalaya  darbhanga,KSDSV  darbhanga,KSDSV-D,KSDSV/D,KSDSVD,KSDSV  D,KSDSV,kameshwar  singh  darbhanga  sanskrit  vishwavidyalaya,,,,,,,,,,
Pravara  Institute  of  Medical  Sciences ,  Ahmednagar,PIMS,pravara  institute  of  medical  sciences,PIMS  A,pravara  institute  medical  sciences,PIMS/A,pravara  institute  of  medical  sciences  ahmednagar,PIMS-A,PIMSA,PIMS  ahmednagar,pravara  institute  medical  sciences  ahmednagar,,,,,,,,
